probe,weight
cg16867657,2.0506798968639237
cg26947034,-0.6818182608306237
cg10501210,-2.963210275250916
cg06639320,1.3207393759648591
cg21572722,1.0791411240771385
cg19283806,-0.876596423934075
cg22454769,1.6104971722470172
cg13649056,0.7970696673980946
cg07323488,-0.4116396272148949
cg13552692,-0.7499417348303896
cg17403084,-0.18377776881112126
cg12841266,1.0460626508625088
cg17110586,0.9186328760029194
cg07927379,1.1308143562353472
cg07024568,-0.4111799692605343
cg09298505,0.8383913325174971
cg19944332,-0.1131593710108388
cg12773402,-0.6413267413475036
cg24455300,1.1576477130711826
cg11707779,1.3125952484823071
cg25363241,-0.29314683659784735
cg19773858,-0.22725647998647347
cg17268658,1.3218362377978294
cg24079702,1.1757677592730056
cg06493994,0.7734440565500257
cg16206740,-0.2274628585307822
cg08097417,1.0371055949709713
cg12766091,-0.18082656112143927
cg16370293,-1.1374355613452016
cg20624224,-0.3544907768014085
cg16370294,-0.9701703895636903
cg23500537,1.282112206913803
cg11649376,-0.2065820862046509
cg16370300,-0.8302788501084101
cg02669012,-0.620210987518755
cg05463027,-0.32930537723078396
cg13206721,1.0691075367946123
cg01885725,-1.046788141882102
cg24724428,0.8931738451990536
cg15197164,-0.27824372455078356
cg04640687,-0.4471190029137513
cg07082267,-0.2522510396820016
cg05991454,0.8299529973986998
cg21599943,-0.22957936032851428
cg12624827,-0.18924067014048665
cg07553761,1.0391138473297863
cg26159096,-0.8869604995556666
cg06784991,0.998950576524312
cg15480367,0.8385386093141816
cg23078123,-0.09940380145758101
cg11218872,-0.05762465082916482
cg17740900,-0.6620146928986537
cg04875128,1.3286901367797799
cg23719650,-0.08357133767556996
cg11299543,-1.651746279695022
cg13108341,-1.048904788156198
cg11667847,0.825021788615743
cg22083892,-1.1946910096611725
cg12939283,-0.6573536121088012
cg01820374,-0.24813890744929532
cg21323642,-0.2625701336674552
cg16008966,-0.25125698120846235
cg07733074,-0.2869361417877083
cg07503069,-0.5815397287386846
cg18473521,1.558020921435888
cg07547549,1.052465059658168
cg08234504,-0.17225888208974252
cg27447795,-0.3178100345979934
cg21294974,-0.7957359018283382
cg13786503,0.9096120138928787
cg25410668,1.0781251981217526
cg27099280,0.6601697195613527
cg17885226,0.704996020279494
cg19644580,0.053613528766293786
cg17754181,-0.5337996557666407
cg03431918,-0.26455934657025254
cg18933331,-0.3538931943523509
cg20052760,-0.35494548019845273
cg22796704,-0.5087990592728753
cg22689535,-0.25080413175591676
cg23565569,-0.7752745604244297
cg08842279,-0.34760048613881805
cg24866418,0.8786489808791609
cg14804867,-0.17594301947514596
cg11584042,-0.5421392357925232
cg03473532,-0.8560355471569336
cg15366841,-0.2901448644431137
cg09809672,-0.2935922484589024
cg16976808,-0.5183612071067143
cg01974375,-0.12325154736408381
cg24964298,-0.2560061626669978
cg16370286,-0.8876678484587646
cg22516514,-0.39210967468416086
cg13053302,-0.222053118122623
cg15656285,-0.317805053056525
cg06335143,0.7066029229508896
cg26928911,-0.2832532456848638
cg10616795,-0.5039652392195175
cg10658306,-0.23866113713464163
cg18651026,-0.07746104689078889
cg08090640,-0.31832617579555006
cg07931844,-0.24065438478564438
cg14857912,-0.07697095182042425
cg21620282,0.9276858914895123
cg14556683,0.8398303967282148
cg26413501,-0.2977646519238246
cg21461952,-0.03609567465146886
cg16169166,-0.2386495929007091
cg18645241,-0.8430243641541736
cg10351253,-0.3155421007464227
cg20168635,-0.2504060146194831
cg03738025,1.0640222476084134
cg11741201,-0.19431578603202296
cg20193323,-0.25740480515644476
cg16054275,-0.25911910738033356
cg15915025,0.044267577287280965
cg01634328,-0.2123484433260654
cg25427880,1.035708202419114
cg11084334,0.9408717976801994
cg21141726,-0.1210357270195979
cg13208063,-0.17369175534691678
cg08128734,-0.49678695716059007
cg26159095,-0.3443615562401019
cg04400489,0.23328536336557626
cg11693709,-0.7121214004903514
cg26081188,-0.07051538944666946
cg24892069,-0.16259092946467854
cg02151519,-0.33766966515650026
cg09581381,-0.3935742378619448
cg17554862,-0.3794571630241357
cg26153045,-0.04333090818281755
cg06859186,0.06448253846374959
cg19501755,-0.3021653048104896
cg16762684,-0.2200439929994105
cg14620941,-0.2925136300520042
cg00417826,-0.25173615478706846
cg22736354,1.0650280702010868
cg08625065,-0.25676511230557414
cg12483947,-0.15484778887457357
cg07504615,-0.43952704012401883
cg22156456,-0.18745393466603535
cg15656281,-0.14508387102055922
cg01416555,0.02467491011743689
cg21531089,-1.1917054379482794
cg12318914,-0.19871833499369163
cg26282165,-0.2976186922361533
cg01844642,0.9514803006502396
cg00481951,0.566483559441235
cg08446924,-0.020961547656028447
cg12079303,-0.33393597392547686
cg18204696,-0.023312374233712213
cg21470846,-0.39685070411636075
cg07080372,-0.4136123608730214
cg20816447,-0.5345328004215956
cg00329615,-0.4970987522482203
cg03650729,-0.1663659101674828
cg21470843,-0.30436137751784015
cg17015290,-0.14327551731342206
cg22598183,-0.35418599955967156
cg20273670,1.0618300116078447
cg14692377,0.680321957091897
cg08262002,-0.15906379175405985
cg19722847,-0.3899903106235869
cg22016779,-0.26368020457791036
cg19965693,-0.2289654945990485
cg00331334,-0.23528288831278832
cg25533247,-0.10876882132284836
cg18805621,-0.0176430288699099
cg03607117,0.4436958172941126
cg20786223,-0.41745776722586597
cg18618815,-0.32100166204296127
cg22257107,-0.16441096640066558
cg14131316,-0.07763028916494417
cg13292263,-0.30836976958255224
cg26192114,-0.39073582586473815
cg03637791,-0.5128562203539753
cg24011318,-0.514035408764889
cg01477894,-0.531791742277517
cg14479825,-0.16453478782141917
cg17037461,-0.2788311199052237
cg18215449,-0.18568829897552902
cg05308819,-0.09903167049792815
cg14674720,0.60413847475517
cg07583137,-0.42365847009404706
cg00573770,-0.6619943658270714
cg07066902,-0.21460282396804486
cg00874806,-0.29734855487383005
cg17621438,-0.5318468197694652
cg27209729,-0.1527680486307526
cg11220950,0.8135413523724307
cg09548030,-0.22411387758747983
cg19344626,-0.42549159147900145
cg15931375,0.12235357250634403
cg15845821,0.01989345238667945
cg05984964,-0.3509202715808494
cg11807280,-0.8789532614112752
cg03067626,-0.2328785550401146
cg15995636,-0.03958126051267342
cg16789844,-0.8148641257210187
cg04772662,-0.18468719034136294
cg25129960,-0.3811300035370521
cg23744638,-0.5243813241969469
cg26277667,-0.166209435901241
cg01176339,-0.24255461792145339
cg06914505,-0.16846308972236348
cg20822990,-0.13008060209791242
cg13609948,-0.4297513465380969
cg21469505,-0.09711234555380019
cg20669012,-0.15361998780303565
cg16932827,-0.16364748254648995
cg21869199,-0.025759379851737495
cg11929780,-0.23802687929606114
cg02085953,-0.03531259866698325
cg25167618,-0.2960257234853732
cg09748749,-0.4694735459604639
cg01649837,-0.0030962772034506835
cg00445791,-0.1892385159980637
cg03863669,-0.10033042169801104
cg08622677,0.5493472177739118
cg00189689,-0.3759817416716097
cg16464659,-0.0021197434300970646
cg24870934,0.09640255647216797
cg11172565,0.014742974988299328
cg18843090,-1.197788395095294
cg04742397,-0.14457119688083517
cg13848598,0.5851493698443558
cg21976968,-0.5095417578357214
cg08745595,-0.14957919938252742
cg22798770,0.04648063545480087
cg00624430,-0.23557577742456998
cg23746497,0.6867065081926544
cg25468151,-0.12923345361216965
cg08564235,0.06114867770434032
cg16477091,0.6135562735617742
cg12076203,-0.05502470984425723
cg14314729,-0.1509318675121767
cg01844491,-0.12222145504890189
cg15704699,0.06386946137390728
cg18350024,-0.35694274505250406
cg09499629,0.5684270414622115
cg20398091,-0.16847705080259948
cg11529100,-0.3111797343963009
cg00526174,-0.09250574238295152
cg17254414,-0.16691538154640762
cg15804973,-0.23419605624016349
cg03474926,0.06848580388871729
cg12597389,0.7344780802076878
cg12878812,0.5730430771194582
cg02286081,-0.319134692419432
cg25371036,0.004595333664321021
cg10628205,-0.0908599512424736
cg15656280,-0.09766025388075728
cg18174981,-0.016762851646366015
cg09119122,-0.29342594968179436
cg18769729,-0.19929987751353828
cg11705975,0.9657722448836742
cg08453194,-0.05786774019643819
cg06874016,-0.2664614457110874
cg11105718,-0.22370207042067844
cg13918635,0.07599800918778518
cg11552407,0.29599642562209116
cg08018499,0.20977442050408518
cg06570734,-0.09118703157704756
cg04765439,-0.04755943124741778
cg19118660,-0.08245635666980573
cg23950157,-0.23501428433027077
cg18826637,-0.20332489021159442
cg01620970,-0.23190873349008218
cg22357922,-0.15543601558973694
cg14042143,-0.17040114049697774
cg15341124,0.6178948027486404
cg11639262,-0.36563264733763395
cg26638716,-0.3140531949710437
cg24203035,-0.15044059181413183
cg16474115,-0.08490864247707089
cg11826475,-0.06834043759927273
cg27276993,0.03342609990119148
cg25253898,-0.7031610168219303
cg01369611,-0.046548460419978774
cg24400515,0.4424015003496389
cg12767225,0.14592378073820708
cg13297210,0.04703953062707661
cg10287677,-0.26315181476450883
cg00636737,0.009543073847327102
cg25329021,-0.1629872563318686
cg13823169,-0.12217978838307186
cg17296940,-0.23096253503499864
cg12776916,-0.1869224682870138
cg16267679,-0.13192873318873588
cg18014251,-0.1353924410224137
cg19453093,0.11706005959375025
cg00484358,0.638737274633055
cg25315247,-0.33955885753685217
cg01199161,-0.18832449834541964
cg06419432,-0.2830769493745516
cg15125438,0.14513451351742834
cg24200825,-0.3883886878335933
cg07975200,-0.25023494369414856
cg09519870,-0.11563142055079706
cg17693028,-0.1893944781041709
cg01499479,-0.20601796174401266
cg08587685,-0.16516639749992107
cg27037708,-0.3845007477280464
cg10677886,-0.17641856535374317
cg05664629,-0.026954533269139044
cg20249566,-0.1116732789125754
cg00463007,-0.13266198130716542
cg08770647,0.2827471301630102
cg12757011,0.7852106855403792
cg21783228,-0.21714043005804923
cg02270506,-0.2181195306597983
cg07485518,-0.13483636108541452
cg20404850,-0.28969539284343604
cg01327863,-0.19980387432224886
cg18064714,0.6265062934381198
cg11970349,0.6577846960438983
cg17340043,-0.25327639116925404
cg09124496,-0.4707753454981036
cg17621164,0.14955895000373215
cg11071401,0.8068235331480862
cg02046143,-0.5224737345708168
cg05747709,-0.11292616512872335
cg26935102,0.04785953820840952
cg01528542,-0.46476956524545354
cg20515136,-0.2122149871828506
cg26042044,0.007107610750060115
cg20595453,0.15073187541747035
cg09445550,-0.3696492090762187
cg16419235,0.5459122040037369
cg15526956,-0.077255300565513
cg00439658,0.5830454113934636
cg13954457,0.6236901821810011
cg10934519,0.042822783579495885
cg22551157,-0.4709497929608346
cg04999352,-0.29575072888690973
cg21757266,-0.34397782484633244
cg25478614,1.1083404060359188
cg27320127,0.738953430078747
cg08997126,-0.5940730622872967
cg05213896,0.5885114074243359
cg07522171,-0.15186111332822436
cg12172916,-0.17333368623279438
cg09240238,0.0036763178779095516
cg02872426,-0.6639487589279967
cg17438696,-0.03574925728556358
cg25940196,-0.40528088507923865
cg19671120,0.45008596793662436
cg13792000,0.06427157777438729
cg20988565,-0.20747295978817035
cg03224418,-0.029460061774481062
cg16814412,-0.23776560921548576
cg19662083,-0.11656187326518587
cg16152924,0.04311666580171209
cg16457213,-0.3720239818865231
cg23104702,-0.08515696598820248
cg07712766,0.1173476768195165
cg12534424,0.7276758924637651
cg00067981,0.046316856695725606
cg10344182,-0.134688789562278
cg25253895,-0.7663538179767448
cg19560758,0.5425988733943523
cg18738190,-0.20728765474376576
cg07568841,-0.4063553155449371
cg17168836,-0.10750959861670199
cg01447660,-0.4170409362744126
cg26921969,0.6611284564865051
cg09312590,-0.19679547384910204
cg19784428,-0.13897046870004298
cg11301505,0.09349272898220766
cg24506733,-0.7005039723637049
cg17850257,-0.5672363777252324
cg17183905,-0.11190064703836444
cg07638761,-0.23441794025784599
cg17436656,-0.4024602318451925
cg14933832,0.0306351738128879
cg02858060,-0.11806474549131246
cg26544530,-0.16313602245600828
cg25277461,-0.8240577229854857
cg25083722,-0.23082949491390747
cg07879334,0.14052872926710092
cg06567855,-0.04091651343975366
cg16056906,0.05162181847277006
cg00621805,-0.15444098589643823
cg12211691,-0.07031081632340623
cg13331563,-0.5270677156355738
cg17471102,-0.14415869394295786
cg14706381,-0.16061204657068281
cg11836829,-0.05583056054662164
cg20789819,-0.4614565486463772
cg07914614,-0.6932962517590731
cg03467088,-0.11593369169646625
cg27406001,-0.2801703219171389
cg02569849,-0.1936459527457706
cg10572569,-0.06975038784818921
cg08810238,-0.10105562355078353
cg05908398,-0.27123828163814445
cg21470845,-0.09741854024306336
cg05684714,0.00013995851397776766
cg01486610,0.31140183477300926
cg03947688,0.4137483069797445
cg19392831,0.7238382813300691
cg04503319,-0.22948306202259994
cg12981733,-0.22853994333556407
cg05156137,-0.43322355539926877
cg16083866,-0.03631464849278435
cg22273555,-0.035351099788470966
cg12100600,-0.19221373267786152
cg26772387,-0.09063239399819713
cg16449837,-0.061600373380957925
cg26969888,-0.15852343014254514
cg18593984,0.13674282638512694
cg07715777,0.4383848527437104
cg26742280,-0.15326085531827657
cg07806886,0.47308104524364614
cg01119503,-0.18700932262191142
cg09149737,0.09948211017083186
cg09636661,-0.008154096801211163
cg12372671,-0.4015957113265818
cg17686324,-0.06481070952848125
cg04572628,-0.14559466860560222
cg08415592,-0.38761770272181995
cg16935839,0.6574538156389301
cg05316627,-0.058440023475753076
cg01505017,-0.18890700439342575
cg16604658,0.14132543585147392
cg24466241,0.5466218407544395
cg27346545,-0.03200516956615394
cg21976965,-0.26542582860011205
cg11939713,-0.30116998819847524
cg23534245,-0.06545006620659401
cg12179916,-0.14752672681329232
cg23104697,-0.09205961526946312
cg10247798,-0.2322108667030062
cg04208403,-0.17226828465712757
cg08638989,-0.3389402533656064
cg02383785,0.5130231857124228
cg01243823,-0.4355530030998766
cg07848854,0.05178265642052031
cg20102280,-0.21398659145881588
cg03708443,-0.30240000064987466
cg11102031,0.044762706063913846
cg12623930,-0.31712561461087097
cg11405195,0.06909973608560709
cg05865519,-0.17654432701398662
cg01792230,-0.35975411443816496
cg26029052,0.06310974537647569
cg24390713,0.2917518611694528
cg02707558,0.09581358054707823
cg15181108,-0.18899464607983726
cg09401532,-0.3165466634934514
cg00170483,-0.09604638251320174
cg10716444,-0.48621264347595883
cg20699355,-0.2267020981448611
cg27030854,-0.27500534214529226
cg24853724,0.45046355388995213
cg19833748,-0.14158752593972285
cg12033216,0.14096004384904984
cg18150280,-0.18711177776053012
cg19663246,-0.7543274826007041
cg17718488,-0.0564340010661394
cg05078438,-0.12147261610186287
cg11436113,-0.029911249522967916
cg05498680,-0.21280914822684602
cg20054583,-0.21065867232053792
cg23357873,0.0403093593015323
cg17773914,-0.03606252919894577
cg05805675,-0.11501842657467598
cg27459131,0.04349379398770646
cg17084492,-0.35275133013011883
cg03013070,0.006451434756544711
cg05773708,0.009716884616173802
cg18902090,0.3860648024955248
cg01188867,-0.24447914561228504
cg04193015,-0.30491285745829294
cg01587585,-0.15459384460087192
cg25490376,-0.12778959629759043
cg05928695,-0.29630382094223995
cg05619598,-0.046153630570170794
cg25384228,-0.16230575967827937
cg08521040,-0.1548292700609935
cg15208139,-0.34739631369603363
cg02228185,-0.5546559199005401
cg23715749,-0.25545862530179053
cg26317285,-0.12432143830093156
cg26290632,0.5293362928815654
cg01606885,-0.14456134002965845
cg04212103,-0.12712541707266964
cg00420212,-0.11572577338880334
cg02378183,-0.02164970991416698
cg02729030,0.08594499861061135
cg10149533,-0.7719460462685784
cg03211864,-0.09015914502589077
cg20222376,-0.16813854322331567
cg11745705,0.12282035010929347
cg08360197,0.2522830212873813
cg17721618,0.002812664681042447
cg00059225,0.9563538400539999
cg17589211,-0.13358950886580773
cg25865528,-0.027158053507499794
cg12597822,-0.00658947250784681
cg06752231,-0.05627338008663071
cg25994988,0.03998305409334324
cg09416608,-0.22564822945948917
cg11935615,-0.4767524669101563
cg14566959,1.3011026168863864
cg01250697,-0.11894770977697999
cg07918081,-0.35059094566970295
cg05011025,0.31535374598978794
cg02315732,-0.15503345832190538
cg03193047,-0.5613315866466264
cg10001186,-0.08784332012875622
cg21548231,-0.22706782132948317
cg25535569,-0.251947354722634
cg24506734,-0.4472564847038838
cg10382675,-0.027059722766274115
cg23309303,-0.01974004708557943
cg20939663,-0.12847918326716062
cg02219001,-0.13167333521615432
cg26992381,-0.5950417754465873
cg25277464,-0.7737650485190725
cg11960359,-0.22922854712980817
cg09608477,0.18818157556603532
cg13032272,-0.25750011057237154
cg13959344,-0.12902872640901625
cg07520854,-0.013874121587174555
cg14479754,-0.0970570122948708
cg25429450,0.24959292339902026
cg05335422,0.12306796868244378
cg13856810,0.024315430213393295
cg19500607,0.022034640454117217
cg03909289,-0.0852790986040882
cg06570224,0.7062227861873249
cg18118079,-0.042854519304797306
cg00843890,-0.03608429739655269
cg25992944,0.10693977035240529
cg16193278,-0.14762299770397982
cg17343432,-0.5113148673657736
cg08637691,1.115179652147133
cg19266448,-0.07753532914204324
cg14257429,0.15923248484063615
cg09088760,0.06678478177786892
cg09300179,-0.019067311186800905
cg07779119,0.19154986931862703
cg19286635,-0.11052540279296975
cg24711336,-0.12681822068762708
cg21629023,-0.1468062035287354
cg18276409,0.003084398411630031
cg04581938,-0.1521340367241843
cg25181130,-0.12419963066292421
cg00748589,0.7248824783045876
cg21246334,-0.27827074302076493
cg16966397,-0.37374826310397213
cg19612068,0.09586260083970911
cg11710643,-0.2750729399175738
cg01855540,-0.11675757185998101
cg09726879,-0.2695552066743808
cg23683891,-0.04326707070191998
cg22947000,-0.1361012997010606
cg14407241,-0.23808823326309278
cg23510764,-0.6617255073093257
cg15004842,0.07445799804021709
cg13221458,-0.23598847867665515
cg06942685,0.6481713776786758
cg10476085,0.18855620224906258
cg01961533,0.009375008819564159
cg10891352,-0.31838136027821345
cg14305526,-0.16022149687704929
cg08023684,0.10905686499659728
cg14672304,-0.06565109831031948
cg24501701,0.44874806765049374
cg06911110,-0.1279765164305643
cg20591472,0.777259778673028
cg01234420,-0.15858644921313692
cg23753748,-0.3857447468407254
cg04798961,-0.08564673704365838
cg26685941,-0.36204389350522403
cg14598480,-0.0770038324023437
cg26682566,-0.3181397312091306
cg00162282,0.03603078933745614
cg14195318,-0.06126022397310831
cg01740960,-0.1593378637469795
cg08113569,-0.13371484012846194
cg04427498,0.7409742700543949
cg10137837,0.6199658743928541
cg25730803,0.21627380242455962
cg01282174,-0.3408185902962868
cg09312999,-0.2971880934619948
cg16714760,-0.29802263608341417
cg09550412,0.006482509189506621
cg14640854,-0.05890025789354123
cg21685720,-0.06185979992251029
cg01021271,-0.1883806634182509
cg18922758,-0.16774499008140184
cg25150715,-0.4748592214543203
cg21020378,0.07096108241541613
cg16297475,-0.1957633726873201
cg26700830,-0.4769529672988069
cg17990814,-0.07573166898270159
cg23663256,0.22746136784819176
cg16464329,-0.04476782044457119
cg13179916,0.262984796848509
cg26079664,1.963329687204386
cg20747538,-0.15543236256929224
cg06674056,-0.15106331431844125
cg03032497,0.7251781866012627
cg18498112,0.013453318859368566
cg18343474,0.5005249783804978
cg26614073,-0.27692770570180225
cg01919189,-0.04633360706851227
cg16015712,0.44137888425990546
cg13640414,-0.13478386478829535
cg19990527,-0.07477943552607072
cg14479826,-0.1952096169594215
cg12642568,-0.11037270826410557
cg05096183,0.10357679125072622
cg16621189,0.23274392350732506
cg25429451,-0.05641171226372869
cg09477782,-0.3417513400308594
cg03262554,0.6207070711749455
cg07211300,-0.2585377314486011
cg11298844,-0.12748229227628555
cg20348829,-0.0525189225162009
cg22493216,-0.36262641422806247
cg18864002,-0.1217430680026468
cg25818109,-0.2585868823132024
cg18797590,0.03452921450155659
cg00046877,-0.3037187463917797
cg10107473,0.1911236308017616
cg12871938,0.16157778836710712
cg05042708,0.04637105143933718
cg10806820,0.4256262777729468
cg18761057,-0.20363641502498556
cg09727935,0.4749395963141025
cg15109150,-0.29217980691137396
cg20365043,-0.2266723619542376
cg22179043,0.0516091650868813
cg14359680,-0.17706470445570185
cg22361181,-0.07038436473305959
cg12137273,-0.23222725583303622
cg11017186,-0.16581728363762543
cg02787452,-0.1458984833839183
cg06713813,-0.30984254235733205
cg05322294,-0.08551583396758052
cg15145868,-0.3158763606680208
cg26550989,0.02836509542865134
cg14188401,0.21663598440568857
cg14255824,-0.03549800415114579
cg03454094,-0.2355950949854297
cg21990700,-0.05397347298110054
cg15121577,-0.15085188603871097
cg02867102,-0.021251157216749784
cg23479922,0.6685507559180933
cg11791577,-0.683824788216843
cg12243959,-0.218718601801713
cg17372101,-0.35433601418791444
cg24350475,-0.6151658384967996
cg21455102,-0.15624211802694377
cg03784270,0.12518345352702454
cg08713098,-0.07264614070405347
cg04538460,-0.2383434186829033
cg00101260,0.004351890236067624
cg24057710,0.13895679352236598
cg19758448,-0.320300270861531
cg07127410,-0.21444974121048965
cg03520471,0.3034896867499152
cg16686396,-0.3915713052015719
cg19761273,-0.1834825531492165
cg08570034,0.10224254311923903
cg01302656,0.45974335618526035
cg25984903,-0.0973255127932265
cg01400218,-0.26418326827550176
cg07738259,0.09303308577009947
cg15000346,-0.06927686727155946
cg02981828,-0.30273432769202135
cg01719405,-0.20702588795724305
cg21296230,0.6744780784595605
cg19593275,-0.21134742400759932
cg03449912,-0.11892552579703503
cg23368715,-0.08090214711349468
cg26514191,-0.11070425202566937
cg07050404,0.04546045258325513
cg24481841,-0.06841383630749068
cg08698203,-0.3906539610625941
cg20381101,-0.12438487226158283
cg02113955,0.1400029188133453
cg07076370,0.052699461655013734
cg22816176,-0.1094489968983943
cg10317955,0.20585330161056398
cg14132682,-0.11320721056272176
cg07336350,0.5643045919919815
cg17600785,0.09258894637022444
cg23362777,-0.28165091498649303
cg21459792,0.16186048664674366
cg07388493,-0.1729508051630756
cg15931578,-0.00980473188848597
cg23341182,-0.09654974192764804
cg19702785,0.5832191359071938
cg23798387,-0.6036419176013257
cg12490668,0.09382091101972641
cg07158339,-0.38582361299500895
cg12850936,0.03889461563686724
cg23836737,-0.15421596454974681
cg22112832,-0.21116605095881222
cg00602811,0.0008404516804647897
cg15601386,-0.08273421771176588
cg13931653,-0.3918884902698103
cg01724838,-0.07065111039939023
cg27068143,-0.20654858019728312
cg22523457,-0.19889357602504917
cg03545227,0.43093774493463005
cg19963608,-0.11056624316205159
cg15773296,-0.3510919456662831
cg25258740,0.8107597379013048
cg13039251,-0.43721761523616814
cg03083251,-0.20291510472077035
cg22703759,-0.39751125359211625
cg11404915,0.06505740344502332
cg19791728,-0.045358726461333036
cg07908112,0.030950506740449597
cg10424974,-0.06317880952772692
cg17891166,-0.11867045533796126
cg05389014,-0.2589068022252945
cg16570547,-0.027233264389197733
cg00243364,0.4056723923671635
cg09648727,-0.46250311661567817
cg06467327,0.08029582005227573
cg11836767,0.2916246587169061
cg12711760,-0.15410764437466398
cg16532300,-0.20077842060002324
cg22320795,-0.22153252301037693
cg16526828,-0.013770670867204987
cg10987828,-0.1518471165846931
cg02917536,0.0557330512297807
cg07571505,-0.27376388851002004
cg00741624,0.5160017082410153
cg17227463,0.05170821720534852
cg27493344,-0.06424818904713495
cg14488626,-0.1259592818961415
cg14897803,-0.137743199399429
cg01124297,0.03200947083387576
cg15985712,0.026554226338502945
cg09143195,-0.5310069583352511
cg18034299,-0.07015348516799766
cg10386217,-0.09435457944037047
cg17280346,0.8258602507155823
cg03635266,-0.1704735773758977
cg09961785,0.10409570420761147
cg04808197,0.19339208049708698
cg04955914,-0.006074743228260336
cg25521882,0.07170919077154495
cg06175101,0.21952653388876092
cg20351734,-0.4035575114261306
cg08644659,0.07805822048287206
cg05721773,-0.09528254813850003
cg27386529,-0.08714308241361539
cg05203217,0.2766415363621141
cg17675043,-0.25549746487320263
cg25102652,-0.20360500075227617
cg12501650,-0.15092108599215537
cg14252207,-0.2369708458923537
cg08472791,0.12823702452624175
cg02394601,-0.33263126828062856
cg13528349,-0.40470902852836527
cg16545019,0.1179944053193507
cg00224222,-0.07353014331323039
cg14132585,-0.21001849780498696
cg24534038,0.023127480876254325
cg23222302,-0.2153932181232033
cg00305797,-0.2119292402908856
cg24217948,-0.5966669858389669
cg02838877,0.5451262063808758
cg24488281,-0.16941515413427835
ch.2.30415474F,-0.16579760938331364
cg02685435,-0.026401996956218133
cg06355175,-0.09255312398614876
cg06279276,0.947378399414524
cg02402091,-0.28051271217182744
cg22770285,0.22656511486751024
cg13615730,-0.0013803064138301101
cg26253770,0.15487177670390578
cg01838523,0.190735817737132
cg15851014,-0.2519703517247341
cg22747507,-0.010241160756101857
cg07060551,0.7357994885981243
cg00498942,-0.22389788726627377
cg11415498,-0.4276688296426678
cg02781708,0.29033770540399284
cg16541931,0.4665414730941176
cg01849164,0.11963827632317263
cg07416237,0.37505887052592973
cg14887028,-0.13566781515556436
cg01201472,0.06383138068531341
cg26886965,0.01872710048486802
cg13322545,-0.06683231520474472
cg10104151,0.19234930903990896
cg17898536,0.0856943228809006
cg05649077,-0.5116962088474118
cg14209784,-0.2544096800400902
cg02699218,0.7433721289549831
cg04548157,0.12194773858074924
cg03289906,0.000803561778170361
cg04474832,-0.02221393132100972
cg02759869,0.11160635012477714
cg18341795,-0.012786769649364345
cg00745389,0.3698543196310246
cg16969368,1.07173797792412
cg19690031,0.388988777123277
cg22275049,0.002028311573608736
cg21567504,0.28747670539066067
cg22448209,-0.07120079931121583
cg21186955,-0.2758311938946639
cg15448975,0.47677433241671124
cg24847230,0.127551482594216
cg01671681,0.07119711663742515
cg24968244,0.004277244105710689
cg01994049,-0.027471373619243976
cg20843466,-0.18325660316456396
cg15685448,0.09114379275682377
cg04604946,-0.5126575236296491
cg06831571,-0.3490138468717319
cg25162651,0.02682385163252027
cg03969872,-0.1319075406368752
cg05179292,-0.08469158104883442
cg08088818,0.13913148320633392
cg04370758,-0.06587656216501458
cg16385335,0.22348546453834978
cg02018902,0.5157118846953981
cg20105297,-0.0714436470989526
cg20846768,-0.19704816843297862
cg15957394,0.4494171622547701
cg01898573,-0.2945214505981395
cg23576833,0.19196355217132208
cg02773764,0.0037569288746176245
cg06649567,-0.0395454542054045
cg06974546,0.0412748520889363
cg00475490,-0.16290601417160852
cg27163955,-0.114170362968849
cg01107130,-0.056493550952754386
cg08761208,-0.03069306323686212
cg14583999,-0.29925067531514743
cg13786089,0.48379391149407963
cg10277912,0.04077340741726331
cg18007249,-0.07902128591583839
cg22820188,-0.16657868778658863
cg26894354,0.13330700155006772
cg19727165,-0.6404256552822475
cg01396704,-0.3759385393347162
cg26105501,-0.06833167203305905
cg14381047,0.09197578529443574
cg24581047,-0.07196443142067586
cg15468838,-0.08459516936836757
cg24436906,0.5665492543694959
cg16767132,0.007414833416438824
cg05207637,0.10663483964515288
cg02395812,-0.15746280156374806
cg04152466,0.10478834947137855
cg15655351,-0.17408893583695007
cg20075319,-0.26620742819470283
cg16983588,-0.6805097540671203
cg20538584,0.26428315499748933
cg19707095,-0.2787083211821427
cg21082868,-0.17240631910350784
cg03239556,-0.03606054065508119
cg14956327,-0.23998711313317453
cg25336746,-0.29794352428847415
cg06487288,-0.1553238752577015
cg13654588,0.4119331830673096
cg16656431,0.019308395432953773
cg03340211,0.3080431808701169
cg16476710,-0.24353409150210775
cg14989226,0.034734930979561346
cg14175438,-0.18185169020758568
cg18555620,-0.004480732823875023
cg09824749,0.1577355658704059
cg11634878,0.2587840453836958
cg22657118,-0.012091978997744904
cg13705457,-0.15606478879626942
cg17767963,-0.3661465885304742
cg07161822,-0.1947867785826572
cg01570459,-0.06587482986359579
cg05101643,0.2876257659017563
cg15121420,0.012163056585747248
cg18587063,-0.09192623998880596
cg01812894,-0.004651569611290302
cg04479264,-0.29544376741016926
cg20868633,0.05987928343299595
cg05934592,-0.10866451791932175
cg20337160,0.209842614196317
cg05700079,0.5967493676283336
cg00695112,-0.0980951408757053
cg15219685,-0.18673422834615097
cg03732728,-0.4412060018474197
cg17591799,0.30640879203886123
cg17589217,-0.38840111884604167
cg10084135,0.05989317683613852
cg20348910,-0.3217669993240959
cg07608084,0.0012820870007953804
cg22730004,-0.02555528622952221
cg17953764,0.7237241423412104
cg21426441,-0.29383632558429307
cg13959371,-0.3411202142926445
cg02047661,0.19903641076484418
cg15169121,0.14520245142560145
cg22133973,-0.04398770553848359
cg21792096,0.019019906034690625
cg07738234,-0.3478084241097133
cg17457912,-0.118797526462297
cg01820962,-0.3915744392272481
cg08521598,0.03706580566244986
cg00602880,-0.3062923887400292
cg25778262,0.7083861211661086
cg09963522,-0.13320729229510492
cg03443986,-0.1738848508509242
cg11673283,-0.09683839812578832
cg25273039,0.5910540011096752
cg14758037,-0.11961659415457064
cg23077820,0.9772143555474427
cg17593342,0.3782481671707769
cg17622181,-0.26155524607056135
cg10835286,-0.41357187003962237
cg12258344,-0.10747580402768853
cg14747813,-0.01699662365533467
cg16810343,-0.008453257791449339
cg10057309,0.211315814364994
cg03517730,-0.290260995596085
cg05061804,-0.18723305013688488
cg20988378,-0.014749761448356269
cg24188745,-0.15077764238155308
cg15846779,0.16229131214735437
cg14758256,0.06822449550844036
cg19578183,-0.07317448344514464
cg07242464,-0.16524420638808532
cg19370065,-0.016873705729686325
cg03873281,-0.28881595278807465
cg21406967,-0.16184154430647046
cg08558886,-0.01763507699603859
cg01818045,-0.18014011154044926
cg25248792,-0.034257427237011126
cg06753199,-0.03334452793568581
cg22853245,-0.055036535729258054
cg04080625,0.02598662191633629
cg18627729,-0.19132014396430097
cg01488708,-0.15973334985332327
cg09531682,-0.1436661720690904
cg06155229,-0.7672584832783136
cg19913291,-0.1955053734701144
cg02159994,0.0023158505806377488
cg01036741,-0.11693504069245822
cg24156299,0.01221997805458928
cg27656366,0.2692648449752527
cg19142089,-0.23487609947541666
cg11553665,0.23927572110776416
cg12058586,0.0005078408218272461
cg02769071,-0.054974044228277015
cg05405914,0.01996226129967316
cg03126058,-0.6589854782254002
cg11405123,0.08627734935055202
cg26325867,0.0350806972294056
cg13817265,0.17925598444066065
cg01542019,-0.5148887381264995
cg27008901,-0.24833864709218154
cg20119148,0.7551326295793229
cg11347475,0.11887692351590216
cg03372207,0.04854225283425842
cg00277397,0.059904045806199485
cg22460569,-0.02362123008591938
cg19711579,0.3553029882075517
cg17224536,-0.16583526257132317
cg00778497,0.3230066363899824
cg00873351,0.06697797078000511
cg11457007,-0.08703298264878988
cg08310088,-0.45590935288974527
cg27666108,0.17814167723443297
cg13393785,0.24953952111254304
cg17744644,-0.06730219926762657
cg17326538,0.10964190247759473
cg19670290,-0.07952612466969028
cg10221746,-0.18474813354415331
cg14947101,-0.12006803141605892
cg12893271,-0.10757127719165097
cg26466202,-0.2134277209980311
cg07851675,0.42666806035428917
cg16197834,-0.30603671569770746
cg13806741,0.47153899421805956
cg22793142,-0.05780783842801015
cg02421646,-0.032120987844699904
cg27269561,0.030286314238702313
cg02648422,0.12255162777335246
cg22976533,0.0324153378619566
cg01804382,-0.05845875327817195
cg23995914,0.9110236308161518
cg03996822,-0.31550349478780254
cg09516626,-0.05040090066905785
cg11064966,0.12463526784427519
cg07850154,-0.5170828276744166
cg15618978,0.8394231105432188
cg01620164,-1.7576314698649451
cg08584447,0.2621715166886886
cg14667832,-0.12261908235665121
cg07158530,0.16719230121397088
cg12765028,0.7323772226086956
cg02636162,0.02967231672470309
cg14538776,-0.09837246695117992
cg05039147,-0.3619853682268176
cg05218021,0.024003564525298917
cg10323433,-0.08607878831947124
cg15557036,0.6735811090857616
cg18898125,0.41049011092617577
cg08176240,0.28541083645213783
cg05584950,-0.04683634251245264
cg19882401,-0.08441260716593754
cg00874805,-0.08700144959423915
cg14282721,0.05795999980172127
cg25453225,-0.09564781697447669
cg01797043,0.03778178161021957
cg18993949,0.13259125877756564
cg04472859,-0.11450130327447237
cg21971198,0.143395002386155
cg00792799,3.047870410243337e-05
cg22620479,0.2339009669454162
cg17430979,-0.297371309265812
cg00921350,0.23069507455469837
cg17264915,0.06171486095910155
cg14857844,-0.21199599972281885
cg22512670,0.043911327507043345
cg12557374,0.1276376083500772
cg08541518,0.5007809010635897
cg20054580,0.26112361668096146
cg23104698,-0.10691926998767466
cg05107803,-0.12075479695360265
cg10283268,-0.4204518653498572
cg06589330,0.033172219978333854
cg25180749,-0.11845945786224625
cg14517133,0.13372014881433614
cg17739573,-0.09872932819894141
cg03175957,0.35975578794320423
cg19518666,0.11955992629160732
cg04792813,0.2965636076355391
cg24197035,0.010987544503623136
cg04172497,-0.1790219305277451
cg04908398,0.0951193998911215
cg25465557,0.08536336194743036
cg23346244,0.1409759115797125
cg16690271,0.062284351592524025
cg25180751,-0.18924359306780456
cg12899747,-0.4331492612995648
cg26255794,0.09262097335027733
cg21762610,-0.009947134113402773
cg19929902,-0.37424444264553963
cg01864219,-0.014999447551565636
cg25433915,-0.4478871442261345
cg18450254,-0.39220315937313144
cg01063461,0.16536178222481882
cg02571816,0.8081483846619723
cg19729744,-0.008218765141415384
cg09480261,-0.05738419698215546
cg18035858,-0.0719919018813694
cg11165563,-0.10785437217197175
cg24987259,-0.194279209023936
cg21159778,0.6577556052028266
cg21709871,0.8224414013171194
cg06819357,0.06918352701745796
cg20359994,0.6424104668293964
cg00193668,-0.18780961228372225
cg01791648,0.5845356510994248
cg04976151,-0.20810219674951164
cg05821197,0.05063799322317179
cg00805375,0.24369132847701164
cg21479515,0.016322356630476022
cg08426696,-0.08989690130150184
cg03350900,0.5728867271558562
cg18155490,-0.1320288650507719
cg21982119,0.13493102615678051
cg04608184,-0.21756546144224975
cg00891995,-0.02630802691206819
cg04594378,0.11884516163372105
cg21870648,-0.7230063628955046
cg03043157,-0.25260674197802857
cg17261529,-0.08785621185565813
cg11175129,-0.18607069991702832
cg26247380,0.22865700559874866
cg25851044,0.21192368767811232
cg10791496,0.020099814148395692
cg18568497,0.24044113883057758
cg08877357,-0.09622604548774734
cg13716020,-0.20877824149684895
cg18096787,0.0062782218366522575
cg04842552,-0.11956675416894025
cg27015931,-0.1341324488502308
cg16742481,0.010500881730753081
cg00817190,0.07098396850700026
cg20807119,-0.2174339758514407
cg18338456,-0.0094814104262588
cg24255121,0.008840595474942424
cg26210856,-0.19738241993400252
cg13495770,0.3215021175325829
cg07061387,0.08043172973192195
cg09692396,-0.7181833555806176
ch.13.39564907R,-0.1944481549073421
cg23755586,-0.1390243928196175
cg01194143,-0.07353602269191963
cg05024939,0.6037317316117752
cg00407100,-0.020743964181592196
cg14452838,-0.17113176132469482
cg02995899,0.12371080559707573
cg06097079,0.4844344067577493
cg26184979,-0.5055608721063929
cg12965801,0.3401256187410001
cg00325378,0.29632572697706
cg00192290,0.007521503661400858
cg02153528,-0.12974019672783568
cg06722281,-0.13664364787395405
cg14428590,0.015071111759995058
cg00387658,-0.13369272599097462
cg10037005,-0.059437066806254775
cg22067300,0.05062514984292919
cg09607772,0.03009529524846999
cg01502244,0.18641895035377554
cg18662303,0.16962381543498095
cg24087280,0.002677565480957393
cg15619071,0.402865195430649
cg03248556,0.13167299916269584
cg23058439,0.11515774566854366
cg24601412,0.029397883201906533
cg25880623,0.20629431254894734
cg14033988,0.26250773265929767
cg18233877,-0.048062516741049464
cg23737927,-0.30670913421589246
cg12433043,0.021942751152677655
cg04709124,-0.050352937953419254
cg17136255,0.14069418693591196
cg20067719,-0.3955254267510148
cg18071806,1.0644142855586354
cg08468401,-0.5177459894441993
cg15471456,0.5261628696040366
cg20538582,0.06481060984456748
cg05867695,-0.2689650818396959
cg25179877,-0.16379668490068167
cg17697306,-0.1049735563874059
cg10049557,0.0385339539245831
cg15352568,-0.2027609773500124
cg23283948,0.7795742047120995
cg19413066,0.04127666126581686
cg07211259,-0.3520419287763411
cg13933080,0.3318768625456298
cg15886285,-0.06474638508572461
cg05372521,-0.23007972974567958
cg12373771,0.4583392167669459
cg00876267,0.17414818616647726
cg22850135,-0.17533962817201384
cg07392009,-0.5078480377976948
cg22410751,0.13018598599578238
cg00563932,-0.054576904344579104
cg16556612,0.07972996420388824
cg00876127,-0.5303758876515537
cg10973922,0.1949183738311608
cg10562405,0.08914587226165273
cg15934730,-0.017006363927913264
cg12076562,0.046511987457171236
cg17365308,0.13238523903467703
cg16562261,-0.03729829135302261
cg21907521,-0.10911503722860952
cg10997069,-0.4893202724578924
cg21824979,-0.3952284583967227
cg13108422,-0.12596681881361438
cg09050429,-0.13170549364981857
cg07591253,-0.0373044982993318
cg12110931,0.9224223001791679
cg09168222,-0.13163024891384914
cg11744138,-0.13336211030230544
cg17243289,0.5735902804938292
cg05106770,-0.03898646650472218
cg26023713,0.02918496541923525
cg10804656,0.9815503843859361
cg07747616,-0.21457087856329005
cg18452806,-0.1113420264653168
cg13385220,0.061157674467973495
cg05404236,1.031731895277347
cg09636437,-0.8228776982637983
cg22805381,0.09612182307176055
cg18902238,0.12625471520354178
cg23006541,-0.18213138359921535
cg20548631,-0.11666806435258033
cg03381616,-0.0815880464527642
cg20904503,0.1230912270976104
cg07164639,-0.2841382727564721
cg04819580,-0.41379936706614123
cg11806277,0.223356346001889
cg13523587,-0.21796609209687992
cg22871687,-0.03491954101366906
cg01812045,0.6026920124747495
cg17615159,0.09877579976181253
cg05866990,-0.16602117182823414
cg26989292,0.12098990545959759
cg13835114,0.14366824828858046
cg14943847,-0.26271718565779595
cg07584066,1.0309792326925926
cg26763486,-0.27918888580066514
cg05511243,0.04902003794120994
cg05168491,0.7536888982787595
cg24212517,-0.30176524170000246
cg01763090,0.4512316672139674
cg02883407,-0.02639245492814596
cg13734646,0.06473540129662667
cg02890101,-0.26980879547438186
cg24004577,0.159469742655486
cg25045064,0.1148163534962651
cg03764753,-0.2014531335724675
cg05444038,-0.053832821302319755
cg15110296,-0.09394572856878261
cg21878650,-0.33825422531276705
cg20964856,0.2577390512098926
cg20959829,-0.02556385590265871
cg14302996,0.0020747137694730436
cg22788465,-0.023601242761885948
cg06308427,-0.05141710570891719
cg09188337,0.01754336480109364
cg22580512,-0.16041001901930163
cg16737749,-0.06963865091499762
cg05324516,-0.09107458040236124
cg02361903,-0.1056800986638268
cg08162582,0.04485382303883361
cg22814766,0.10581707287096474
cg24709999,0.005382924287914133
cg25331593,-0.2351470892882141
cg21752724,0.018252784405647333
cg02344871,-0.11252930253788698
cg00660678,-0.19919256668857005
cg06197616,0.14454689759839592
cg22108374,0.8602990668878193
cg23751749,0.033508391509935356
cg03844441,0.14274377477678402
cg26403171,0.1257426857273958
cg18877361,-0.1477697951029173
cg06924548,-0.04810397745439662
cg19056004,-0.2354889888778644
cg21868776,-0.14942128729978646
cg06500509,0.22331762059088045
cg20357873,0.044985646961878775
cg22982767,-0.09998589804479985
cg12238343,0.32849873794339557
cg02662828,0.5824673693959324
cg07336299,-0.0038497652557335934
cg14574044,-0.23829549528683852
cg11506773,0.0184071261484633
cg01622018,-0.010399366151086577
cg04812351,0.4910493365017985
cg17078790,-0.08523160049757178
cg25312660,0.237272970783023
cg23320649,-0.019953045930584352
cg04313338,-0.09249538410428315
cg03936398,-0.20628931474767984
cg14620572,0.6808715529175655
cg14331923,-0.23075249077943605
cg13915013,-0.09444776183239956
cg10906284,0.25894995345905303
cg07015947,-0.06050586225457109
cg05188016,0.30307182611576416
cg20357875,0.07677319563271778
cg19076985,0.2292825376558227
cg20813374,-0.082146019045927
cg14775286,-0.07847919923893919
cg04064963,-0.06692628343266915
cg07400692,0.4283714064941157
cg17806708,-0.2759769700020679
cg24295362,-0.1331721501251677
cg14295611,0.05167172790622294
cg25430089,0.17364636603747635
cg19713833,-0.23025473509385744
cg26290219,-0.08351509485516638
cg01949324,-0.3161199855106305
cg23256550,0.008880659335236492
cg08426733,0.006263966502879234
cg03758021,0.26452430243300634
cg05724065,0.19375593449015976
cg03278230,0.0035713530931805945
cg02734692,0.27547004780780737
cg06445343,0.13538259065555064
cg26165707,-0.23241078292418366
cg08957484,0.7844295802419093
cg10781413,0.08698979375166462
cg13080732,-0.00766066678588553
cg25752848,-0.09412618718750476
cg10633911,0.24551755421585708
cg07710094,0.10972185557867946
cg11975053,0.04904944079322706
cg11320225,0.04844600411862501
cg25311470,-0.08276056653814232
cg01538166,-0.18390253976297033
cg04436528,0.13592911577316763
cg18887458,-0.3126315384960074
cg16185398,0.2391667319932509
cg25256723,-0.26209925615417196
cg19628363,0.06701825016549827
cg13850871,0.31064557462507997
cg06052832,-0.05628543825250833
cg15466148,-0.005139782112018751
cg11287725,-0.33048798622207853
cg27198696,-0.25425949891123006
cg19789466,-0.14270877083250547
cg08023563,0.14062285703175542
ch.1.839062R,-0.15339722735241118
cg24071563,0.1388615160018807
cg06247837,-0.10041458524274281
cg17593472,0.2675698884093636
cg08992872,0.30530193214938806
cg00687714,0.27907209961659757
cg03688488,-0.03842195692504258
cg12952557,-0.2268202004168651
cg18079948,-0.3591818755967791
cg14385657,0.05273801038357803
cg07408494,-0.08760328462194825
cg02750130,-0.028110477055586357
cg20969872,-0.2767719528458535
cg23734065,-0.12601377315634782
cg16107577,-0.36730601329889645
cg05609159,-0.16168399688198745
cg14144583,0.7091281988007889
cg16562260,-0.0792727046391952
cg05242244,0.14672849178998223
cg18786171,0.028345042599184973
cg16595241,-0.17637270133154284
ch.1.171672612F,-0.13557507291625293
cg07446248,-0.22089138121718999
cg14834260,-0.28527400032956163
cg03485669,0.06574422652850193
cg00417323,-0.13882747544648485
cg21721649,0.3501348070443032
cg13570972,0.5050125042357358
cg16204272,-0.04324713029986355
cg00887633,0.2032626151292998
cg12776156,-0.2425081231891213
cg00213822,-0.10174642074307041
cg15949396,-0.2153062714885059
cg03510486,-0.12513183224689647
cg25424279,0.27007457403464236
cg18570126,-0.12788149674387334
cg15168727,0.6032890048155989
cg09091433,-0.14377469340949475
cg20091414,-0.09173738755675971
cg24490801,-0.11137839047329798
cg02983424,0.5130235792893937
cg25428485,0.0054860836860836
cg19848940,-0.31459613979817475
cg22351198,-0.05005688115471228
cg01511567,-0.15430467750789265
cg11142333,0.07248402058085686
cg12211471,-0.022408618027046683
cg10348486,-0.38548428365608434
cg25998745,0.04819977939732548
cg18936216,-0.09153485011063683
cg04416734,-0.316442022330963
cg10728282,-0.12164616748011023
cg15915031,0.27522353975579406
cg04052934,0.09636080656385021
cg16676037,-0.1672730227625787
cg20121649,0.060273337935441845
cg05730485,-0.08579803636553074
cg06669752,-0.38883157441804533
cg08865670,0.1398015355460332
cg11362176,-0.07605606636847277
cg03763997,-0.1250976516099276
cg06733659,-0.055755274689809745
cg01679969,0.09028282773375611
cg03698343,0.029621443566925223
cg01552919,-0.16385759316236584
cg10202782,-0.12725152998358175
cg03484180,-0.35905302436285996
cg08599980,0.03775606851307576
cg24698655,0.673849891260536
cg00029246,0.11227200967619583
cg09068214,-0.05788723003202029
cg01174827,0.2889626516853184
cg24673101,0.45362145833175527
cg19389953,0.25281181308173745
cg02336827,-0.17977557196054453
ch.6.33611621F,-0.1291092665542079
cg15640503,-0.22854426261899094
cg23446966,0.7781089481279927
cg06272857,-0.2678872450298283
cg01514353,0.0009100881310214836
ch.14.97331099F,-0.10029092528961381
cg16717122,0.47021795278241285
cg27394111,0.06246264405812335
cg03002352,0.3812428834281206
cg17592231,0.6384951694683955
cg06023923,0.14725368429587968
cg27312987,-0.011163699252307296
cg10358342,-0.11278337609555032
cg13066481,0.20543799092236048
cg20608990,-0.0022004828998103644
cg23669043,-0.41919460789449986
cg17569828,-0.03942488216083854
cg01373663,-0.10063425269230289
cg00888249,0.23994344523197647
cg11367633,0.03836244449922575
cg07222015,-0.11661059752240056
cg14994947,0.23164430273024295
cg01287975,0.40510592120247857
cg12591805,-0.026087368952506285
cg19724470,-0.33152331929543183
cg24970172,0.1121204798178802
cg00753885,0.010485952756335407
cg18715243,0.28872965938498907
cg05237436,0.0724142736281994
cg09817431,0.3601328505445391
cg02844688,-0.26570684244379994
cg13093799,-0.02736009064990143
cg17317743,0.2628714570734995
cg09021005,-0.08023612872334548
cg01577707,0.01506780868582982
cg05843848,0.10989752054002327
cg18118078,-0.03154014135932771
cg13601276,-0.05170960493161323
cg25413977,-0.4242291243037918
cg08885800,0.633105359252197
cg07425963,-0.10817788281583957
cg21493505,0.67974763471264
cg05823563,-0.1819634864442467
cg11537312,-0.009668254381844458
cg01569067,0.19073530953459744
cg08578520,-0.09715187761281176
cg21794266,-0.11759510814368102
cg15894389,0.03574189310001168
cg09905935,0.26054982435353313
cg03440846,0.30885596034181706
cg18284157,0.8690995024901207
cg26592760,-0.05187975501527804
cg02828862,0.19611420014421538
cg26158023,-0.08876807849212964
cg01185014,0.21581762920022005
cg16532938,-0.6582495357753099
cg11331344,0.01652044471891919
cg20617666,-0.2478238360622894
cg18186343,-0.04883036215298472
cg14069287,-0.009573743866045288
cg00599995,0.26302494258645853
cg06707978,0.6273493740483227
cg03523785,0.5199299383299241
cg01202600,0.022383757469229652
cg16032415,0.0010813524194655119
cg06506328,-0.337832417925851
cg23449199,0.045285300008460094
cg13388731,-0.06167626817433497
cg24214068,0.6847374711644257
cg18405719,0.05914668812535196
cg17127722,-0.4105311055288517
cg21306573,-0.1484074371782753
cg03409868,-0.34198589216365144
cg05338961,-0.024587579093001008
cg26618737,-0.14317297541736443
cg08786669,0.23297122725723998
cg08994353,-0.2083804916214596
cg07042289,-0.0757036087321874
cg25118516,0.0918965298925931
cg21094588,0.17144136501768462
cg17723057,0.034378937969907174
cg05911659,0.23966861650739663
cg01329789,0.09821331530082185
cg09310092,-0.11009250969080132
cg08553327,-0.12297937591947683
cg04322653,0.08947600241901892
cg03614193,0.5943896643783013
cg19338508,0.26957939573315204
cg24543696,0.37723573320148396
cg07254032,0.42077050338310196
cg03829812,0.29462423522025916
cg21493814,-0.006927754339314382
cg24637773,-0.20507337783891633
cg23839599,0.058438703004909644
cg05072629,-0.018796026492610564
cg09137809,0.3537157866086702
cg22789714,0.17699151275225905
cg06159131,-0.07523029359786315
cg11135072,-0.33841226597838214
cg12751127,-0.8853781423062587
cg20260700,-0.03119087378283657
cg00842595,-0.5934434319505826
cg06737494,0.828891600649556
cg19381811,-0.27460713530758224
cg06492796,-0.2123103855681019
cg07678203,0.19775591812921606
cg07703358,-0.12496957760700561
cg13761004,-0.14334970587600418
cg05923226,1.006715576668366
cg23673509,-0.11938082055534227
cg02114954,0.08407956732956828
cg26729380,-0.10399306920734633
cg03929615,-0.03584869033164781
cg05442902,-0.21917211879619444
cg08357336,0.23577122930608876
cg01127300,0.08955957774155654
cg07440147,0.06176013018903381
cg20609952,0.034596404703613
cg15760546,0.151824089864552
cg12951726,-0.2496759569313902
cg07565376,-0.016121027529035978
cg22549904,0.08837841333594175
cg11742305,0.18909668411393601
cg24099956,-0.09746828261192099
cg07837181,-0.16226542128907273
cg15166348,0.0007551252743369169
cg15393702,0.1566111066260136
cg12654941,0.1161150910353653
cg22864266,-0.16449870845790537
cg06983026,0.3341904825924644
cg25343906,0.029660971690781027
cg18306747,-0.11677548484013422
cg18093833,-0.13893888344767807
cg03740708,-0.08008131971168367
cg06285727,-0.11958677113141136
cg26371847,0.08598675162368091
cg05379350,0.030001667417850587
cg25584930,0.6766058548607484
cg06007201,-0.238771750918933
cg05848656,0.090322110246806
cg17861230,0.5469584235139547
cg16411338,0.3334538207675732
cg06437747,-0.16020657269303976
cg13931654,0.1365974755856629
cg01770755,0.4787325483508783
cg22358580,0.6136406172180384
cg00096705,-0.10129243738903972
cg22112841,0.2090110422923717
cg11076306,-0.24129315568296847
cg15096615,-0.05817274672996709
cg14901671,0.38883557679498143
cg10723247,-0.20166759840767653
cg13352632,0.18339758191871844
cg02513379,-0.34132036375392527
cg05365199,0.0629789600123417
cg19283842,-0.18827061791989733
cg04299080,-0.32366789716430094
cg02518559,0.16414287705564762
cg16930016,0.1998721552594844
cg01293296,0.020062404136500164
cg16966398,-0.28966945448673914
cg22724353,-0.4377735407011445
cg09524177,-0.011591815071502707
cg23861834,0.011550138946774457
cg22823189,0.11694321804340883
cg12842322,0.32028338938701273
cg02222791,-0.20176272751263377
cg08260395,-0.15025176956301411
cg05694021,-0.2027646617542503
cg16435923,0.7696026127194108
cg26608718,0.02917823362881263
cg01557798,0.8432377962343851
cg16154603,0.12786885522095207
cg03090301,0.2849357394781157
cg02141604,0.16539656141537187
cg16219603,0.6506960400795029
cg03074925,0.34110241997002666
cg07027613,-0.1590401023649498
cg24775076,0.04079941401069314
cg01867395,0.4626308377800086
cg24250773,0.010386226264008723
cg00609648,-0.06784852696347188
cg18684863,0.08693374757473879
cg26456623,0.07232032389107883
cg05490029,-0.20477332474844198
cg03365491,-0.30707662258303886
cg22771407,-0.0965384420029368
cg14852567,0.2600702203967643
cg22798948,0.1345910103039259
cg00471198,-0.15338666379439111
cg04090392,0.376715971168503
cg10650821,-0.12791397761245155
cg18955951,0.010195656815637031
cg20531036,-0.0983347389387019
cg04600297,0.14326561850198577
cg15991497,0.14912848789914707
cg13107648,0.03180048210222247
cg07174121,0.2609005741137674
cg13347071,0.3306061065943487
cg27492942,-0.24972682202542093
cg27151122,0.06189988717788146
cg05359411,0.23377944292038358
cg04044664,0.5939563312344524
cg09534893,-0.17175097779639747
cg12765797,-0.31112388126297963
cg15379564,0.0218260236735356
cg22301374,-0.10313795815177874
cg07888917,0.3812286593597655
cg24290076,0.17603774468250472
cg23532770,0.21086758561135838
cg24774812,-0.06099997460669054
cg07944953,-0.16071772766395298
cg06657093,0.543005272039725
cg17729667,0.38342238182069294
cg03424070,-0.02989183782155254
cg06602847,0.4314618672341865
cg23231456,0.07840340070669315
cg16235197,0.208514241924792
cg03080879,0.058378984844826905
cg04027111,-0.18122112372479213
cg22740120,0.2919841554217166
cg23100720,-0.11300581825429337
cg09422372,-0.028982479234328572
cg02070677,-0.04431405339667435
cg04228836,-0.2772532432182981
cg15126760,-0.15223183424321396
cg27112470,0.07690340338360784
cg19025497,-0.12064612541788557
ch.2.105901354F,-0.09494723653854605
cg03359540,-0.17685301508920417
cg13972139,0.17061980747905225
cg15278674,0.05032751520309779
cg07360990,-0.009467835644428062
cg06952940,0.4524474822630125
cg15730857,0.1819033377713521
cg05198378,0.575384145879213
cg01276475,0.3315483159594419
cg15211694,0.2847784246964808
cg05207048,-0.20667758473478468
cg03735592,-0.05184016669806191
cg09056288,0.06110532837107691
cg09706243,0.09553259342397004
cg06821999,0.5139138244573425
cg15981988,0.09406500870365614
cg16013896,-0.0789388186174939
cg18230220,-0.4278435756982792
cg18691434,0.5177456630459846
cg07219494,0.054271705392254926
cg00804078,-0.35427883966736934
cg10729079,0.13900830177765788
cg24094469,-0.09321753861971821
cg00637837,0.028691097319218296
cg19029181,0.5366801427135647
cg02507455,0.11339438937599315
cg14010720,-0.36407919348352874
cg10281977,0.556654826400716
cg22936466,-0.24726759182435995
cg06413398,-0.2840824605291184
cg19510626,0.26317758871284536
cg06294663,0.015487334379086965
cg27631214,-0.18069570369013832
cg05330471,-0.19372234656995466
cg19936954,-0.16065954890209355
cg04796818,0.09636503297796699
cg26161329,0.7596726164907077
cg17622182,-0.008012672327753273
cg06650251,-0.17670055776679466
cg00664406,0.7512157617200085
cg23199873,0.005420143049946967
cg02872546,-0.15312061481736905
cg02820318,-0.17346167652707895
cg02097792,-0.13209733603518103
cg23222772,0.20794763128344182
cg09555666,-0.04356879891654101
cg13612317,-0.3749505188817266
cg11847992,-0.11030934438340138
cg12500503,0.3102541998276889
cg15053090,0.16705857779270727
cg03214151,0.003822343218169991
cg16324745,0.16910948569224687
cg17541072,-0.01689723070993367
cg05881870,0.02060608237172999
cg21802332,0.32597325870573174
cg24848615,-0.1120889357960717
cg00116092,0.42869612325159584
cg18495102,0.17259624745952118
cg01713950,0.07849733208673748
cg00977926,-0.1326684862759724
cg26543112,-0.034356207119384176
cg15593989,0.0725230005373383
cg07466643,-0.3723791962962245
cg09779878,-0.04521412914921944
cg12619254,0.2895980988724763
cg00295186,0.18041880752599884
cg13669152,-0.22753450585191526
cg20054556,-0.24519515646677853
cg03752138,0.0814007059049042
cg16102930,0.16988047272573173
cg06037848,0.058611560486759244
cg26864395,0.2628262845761338
cg05245284,0.09977495304567742
cg00086189,-0.21509223595839988
cg12422450,0.3591539455354488
cg26882438,0.3136079008970893
cg03380729,-0.019972805734724923
cg14253018,0.5453450714450345
cg10580682,0.02917481441872638
cg17646797,-0.023624695636644075
cg20020403,-0.41233636875074914
cg12221365,0.3253138019508524
cg19330965,-0.0714562924742862
cg06963389,0.0676389597289243
cg26042814,0.23509109821672072
cg10092685,0.21012516841896484
cg18748354,0.02596172088581686
cg18299860,0.03720276428439343
cg07230652,-0.1144662557112157
cg03105604,-0.22617594744001357
cg04278580,0.6921904339628402
cg10668933,0.5625858447979132
cg22245719,-0.2775148040357198
cg16181396,0.49484686036073505
cg20724257,-0.139923810862088
cg03638795,-0.43310758916566866
cg21740925,0.027320479994754475
cg13665684,0.009382436348400303
cg18236477,0.5367135995777774
cg07582229,-0.7650851365810425
cg22943590,-0.07656950389820416
cg06084115,-0.25285551250806937
cg25249733,0.1428755796139195
cg04275362,-0.35037653758542076
cg07150387,0.4905551872362093
cg13074433,0.007048767237805819
cg07346747,-0.0764435934294628
cg19214091,-0.05719172760772819
cg13119578,-0.11267711593287077
cg14306688,0.12365106056162374
cg23241737,0.2750999457084223
cg14026947,0.1377251802038484
cg15979173,0.407842716432803
cg13604801,-0.17365836390821193
cg18023598,0.5707811054529642
cg14839652,-0.05101846449703188
cg12278474,0.029948336861667712
cg14028115,0.0686037330659453
cg21632975,0.7838028705025089
cg14977938,-0.009927496753666
cg21542734,0.7003047640334132
cg12316366,0.17684207798285073
cg13327545,0.6301819502230622
cg13599637,-0.09943116320258047
cg12294130,0.10291653979213607
cg07187827,0.15908072956038025
cg13782301,0.6891832619575089
cg21279804,0.06931586212176571
cg16185867,0.1425628972193003
cg18010260,0.09074898059228033
cg23650150,-0.07576834949894042
cg21692159,-0.027957755757991032
cg05005582,-0.08557360240244273
cg18338984,-0.08844729445030264
cg18158739,0.019531447133062936
cg00590036,0.43140423229712627
cg24170166,0.25832468882970205
cg17277633,-0.07813686310066645
cg11529099,-0.06978928425653162
cg10968316,0.13884226927596843
cg11557257,-0.22698001247048474
cg18881380,-0.45835197509596065
cg17616815,-0.04825320374114143
cg15084543,1.041803252680541
cg03437472,-0.06187231515638982
cg16653042,0.005680797120810602
cg16975941,0.04752665426258833
cg05823993,-0.15099297235220338
cg20143092,-0.06453920495488633
cg24547636,0.35694732054813283
cg16129102,-0.013424303602650966
cg05306305,-0.017441737150890733
cg25183883,0.023488811739781196
cg21672040,0.7280155556034305
cg14564815,0.08659906020145969
cg15415882,-0.21860795686930007
cg18068762,0.3193179331489699
cg09998973,0.04105542505223831
cg07247220,-0.3528515156984934
cg07258627,-0.07781923280228453
cg06885861,-0.19144691472466216
cg14963666,0.17146578179203173
cg04707338,0.041576062526514794
cg25256370,0.12467302644410351
cg08036772,0.2614865371972511
cg12660913,0.07306382084395813
cg16705273,0.017438309780130595
cg01049520,-0.20951426296383427
cg13931228,-0.13102083713798404
cg14671809,-0.0339360142816155
cg18283185,0.17247376806346312
cg04528819,0.49727423241398466
cg15628888,0.29054004193403543
cg17529257,0.13129032746230906
cg15313154,-0.14826154557421203
cg11630384,-0.06591943357473735
cg09171967,-0.03830908660461158
cg03404292,-0.2359820452495474
cg13790576,0.24229480786109658
cg08739433,0.27548756850759
cg18758922,0.5565414323094253
cg14563792,0.35165471663352793
cg16454902,-0.45457893561381213
cg24458781,0.12325160492707198
cg00744443,-0.16730333540227366
cg16725944,0.19757768376238405
cg06862636,-0.3785491158150885
cg18991234,-0.06072918894432166
cg05274172,0.9471928624599729
cg22402467,-0.22600206024966063
cg06819923,-0.3813426778670747
cg04334016,-0.04326922720773115
cg19617251,0.08790240516819474
cg04758393,-0.1036258790943142
cg22906032,0.24686103814269225
cg21192606,-0.014833411040143662
cg02287832,0.07066855151480232
cg11194994,-0.13581244116378827
cg10690229,0.379240583785408
cg04893303,0.15295644844662948
cg22927302,-0.02347269904529539
cg11101542,0.22980533340922452
cg16457566,-0.07711881515620572
cg01877563,0.02791585094340714
cg10654598,-0.0480708747085057
cg00252799,0.03051214634885636
cg10778288,0.3306402718746148
cg25351643,-0.16307966676035662
cg14558074,-0.3739758690617263
cg03176693,-0.03745830324572334
cg18882457,0.11827672916315396
cg00886293,-0.16199456515527422
cg00791074,0.026496786880363173
cg09224500,0.24330489250872117
cg17556010,0.22505232100485809
cg08316825,0.5152921255005798
cg24125828,1.2254104183349974
cg10752263,0.08152392108186031
cg23386330,-0.02236169123360853
cg22688428,0.45099785837924705
cg22222922,0.27194679790990944
cg25042282,0.018897802608253966
cg26979309,0.20709823810519423
cg16541026,0.19079139947400475
cg02423574,-0.043403215316467854
cg11720474,-0.08263178519321596
cg10988736,-0.0821435203542101
cg14837598,-0.10344965584246042
cg02803337,-0.04755006923733571
cg19644977,0.12162699632242638
cg24895371,0.2949629437979495
cg19433091,-0.11976705306400386
cg01828742,0.22680858266039036
cg23718736,-0.11498661060797517
cg10467526,-0.14454291448168566
cg10755915,0.05451717699445946
cg07178006,0.4660608916011918
cg25485376,-0.2001623084346875
cg12041885,-0.008374338212534466
cg07979387,-0.15494762771978088
cg11551213,-0.07851102746329805
cg02919691,-0.1325708216213609
cg16313758,0.05549782753353971
cg11438196,-0.07783231509674463
cg13172732,-0.3295382318958805
cg19951593,0.13351733723365997
cg18497489,0.14449336770762142
cg20820498,-0.02127700588258319
cg15672768,0.8137445593109102
cg14095048,0.044541434198046834
cg17575856,0.0825629832358655
cg09160344,-0.21096837089543852
cg17233022,-0.12996831628534522
cg01907341,0.03973639330631817
cg00462994,0.32496585632572794
cg27191499,0.06233329462994167
cg05993870,0.3917678329237099
cg01692968,-0.017454877129140678
cg03746976,-0.18275477188294467
cg13001142,-0.1290892814595504
cg02554627,0.028783419183257858
cg11048520,-0.2292585973932721
cg00863306,-0.010361393606819432
cg04361926,-0.25236021949594956
cg04552470,0.3723411653621612
ch.2.207814544R,-0.24717117763176932
cg02110858,-0.2712160943677115
cg09588248,-0.2882127649320987
cg08121160,-0.17983028111764293
cg01490646,-0.07195624135665646
cg08511485,-0.09440374568430741
cg13205376,-0.12163256317169147
cg08543134,0.23626380539324537
cg24696181,-0.03704974881978072
cg26612799,0.1604066890350902
cg17963336,-0.11171829898473543
cg22586221,0.1948195023985566
cg12598025,0.16091898306526384
cg06532574,-0.5443509559473603
cg03555227,0.6678875561215845
cg25099181,0.2750103620674646
cg04506005,-0.15670263477739682
cg09229183,0.5300307203827784
cg16556601,0.38190632422451765
cg18015117,-0.1952757753181645
cg11569342,0.7788825797020262
cg04890576,-0.20451680726342614
cg15574109,0.8812244942209303
cg07476379,-0.4425304839183602
cg00655552,-0.2091990257421297
cg14185821,-0.0546538538969628
cg13679679,-0.43725218298360075
cg16201146,0.012386654623017431
cg06782035,0.645310794943588
cg07347026,0.09059026115609035
cg08067312,0.006039505308452346
cg24711224,-0.08137943909667825
cg26188729,-0.1915833045150051
cg06904916,-0.09749984619747942
cg00690306,0.12150487241495371
cg01907694,0.17632753434561574
cg05788105,0.2720309082623359
cg20150242,-0.20078059218916772
cg26776018,0.0043648233545055095
cg14829814,0.1474539182489139
cg20062413,-0.2574258295890794
cg21044430,-0.02648221936451616
cg24012257,0.00801515599930728
cg08389486,0.29358947465784596
cg20339868,-0.18107751124052543
cg12761371,0.14183091500333062
cg16656322,0.09274840070895554
cg15396220,0.0678686066478068
cg17905454,-0.11500998021329521
cg18622950,-0.4526592856391948
cg15441605,0.28408118090572954
cg10532246,0.16040878107212647
cg09286894,-0.13557890238549009
cg22007809,0.00030983236327162395
cg06877185,-0.04819183505238868
cg20618734,0.17639139986084487
cg01487710,0.04312275784847253
cg09281426,-0.2793343823430753
cg20133890,-0.10352503062604826
cg12408494,-0.26810286584041537
cg20746795,-0.053741921777916216
cg03894990,0.29512531273031706
cg13210467,0.6918580568734909
cg05045027,0.14878114769285106
cg14819891,0.20579504951494387
cg03864443,0.11230928005865824
cg11867620,0.22433141987128055
cg12440836,0.019404959814679063
cg04161013,0.015789370150034183
cg01894846,0.18205828037224733
cg21716560,0.2392175269356274
cg18293541,-0.1777250166197555
cg02597337,-0.18055652275881576
cg23639499,-0.08977266388935885
cg15297650,-0.06392038666718569
cg00365487,0.1584611773724977
cg14363563,0.23658426271832741
cg16931303,-0.21760841815912782
cg19885761,0.3615471300291147
cg02941622,0.005300473706831954
cg06839255,-0.06264719450456482
cg23466771,-0.060557289638344655
cg00048759,0.43492972336722696
cg06506762,0.629123282729093
cg04367531,-0.37410422853734754
cg04753583,0.5481208733776074
cg15706604,-0.05163818533271699
cg15736994,-0.2610370237039026
cg04898753,-0.06891889194178424
cg01747664,-0.016346747630724478
cg18881402,-0.20579245618517644
cg17048213,0.10170275101119165
cg03039990,0.10237213080122783
cg12030632,-0.07436107872561484
cg12773508,-0.1536686835768557
cg14284824,0.19041157059674046
cg06530089,0.010379307125210156
cg11122885,0.048913001406091484
cg05915866,-0.17853220400011222
cg25236609,0.32962599603970827
cg05924232,0.079326807790427
cg03387716,-0.1390186160045869
cg25737710,0.37600183814893273
cg13021857,0.14992071005061303
cg08541155,0.16771678791095637
cg26182159,0.16514037525951486
cg08223837,-0.0005078201030726111
cg13523510,-1.0491841379183002
cg04852230,0.046491765902387155
cg21587777,-0.019938473263369054
cg14129356,0.03610215958362815
cg14394433,0.0384296637568179
cg04200607,-0.38031540529005825
cg10653131,0.022330214138430827
cg15037004,-0.2377306025052825
cg11454957,0.3050621779088528
cg03467555,1.011242953814719
cg20914649,0.25033537236125963
cg00613752,0.40549328176920596
cg05816866,0.1692769287714301
cg15243034,1.1693355431635137
cg15903032,-0.3751112275338171
cg06291867,0.4138239168410057
cg10165543,0.10102499299645437
cg20916600,-0.07749364092075177
cg05646745,0.17828923547529094
cg03748458,0.25470566521245075
cg25576364,-0.030416068993108135
cg08550421,0.5675902694649059
cg07920503,0.43632526473577493
cg27166177,0.180913832103164
(Intercept),52.10156154394726
