guide_target,tumor_representation,baseline_representation
Notch1,36.4771784776432,0.737048481204848
Fat1,24.2346734259432,0.66489422155093
Trp53,3.44978998800759,0.172512881821979
Zmat3,3.03000283432324,0.0338820272649394
Ahnak,2.85145352630768,0.0529989469454826
Notch2,2.81234937106417,0.135118247421879
Prkdc,2.00820943002935,0.0322130260155022
Muc16,1.83885315461847,0.0341982974725716
Tpcn2,1.67438518874105,0.0487761377774524
Fam135b,1.64019322367415,0.0572790931354206
Zfp804b,1.47605376693217,0.0376854694703514
Csmd1,1.42063370193963,0.0343019288830343
Magi2,1.4167989298654,0.0549022739295594
Dnah3,1.38607194688306,0.0248468850715886
Dgkb,1.32717402708423,0.0254672422037744
Ank2,1.28690272643494,0.0396066983273495
Zfp831,1.28018592736781,0.0444940897153861
Abca13,1.24413859315757,0.0526033366342694
Cdh10,1.22967600214122,0.0269990093253475
Kdr,1.2283377050678,0.0212231633297788
Col22a1,1.17219082235383,0.0449854962976559
Zfp469,1.12410341446847,0.0254363881793699
Dnah9,1.11755590651011,0.0538092052987971
Aspm,1.10875897324696,0.0275267158841916
Kmt2d,1.09661438893957,0.0363443188022429
Col6a6,1.07783135870641,0.0417840878952027
Myh1,1.04833539171978,0.13899574132183
Myh8,1.00051283731397,0.0164702015918647
Muc2,0.978965305028723,0.0599699407745
Cdh2,0.977599976173954,0.0657050468777577
ctrl,0.945274584929757,0.0410031771270851
D630045J12Rik,0.914135985241549,0.053326945442773
Rp1,0.914110131575592,0.0444039893585695
Ryr3,0.903387682605735,0.058580850079575
Xirp2,0.889936155757513,0.0857926678122791
Lama5,0.882543565440573,0.0379677876022771
Mroh2b,0.859519087755265,0.022480697415891
Fat3,0.839564052436744,0.0273238637961173
Pappa2,0.833700602324431,0.028046663816633
Ccnd1,0.818398916436708,0.0221898471976097
Col4a4,0.806891373493715,0.0252888300333842
Peg3,0.775425432456167,0.0943729229366408
Tenm1,0.768091703239846,0.0238639069555977
Col6a3,0.76446316937639,0.0446745913377907
Sphkap,0.741082128324855,0.0960495482571617
Adgrv1,0.719052273482155,0.0375481052011325
Muc3,0.714735775941291,0.0420338410601084
Sox2,0.714386191595142,0.043698736181474
Prex2,0.714366423514837,0.0596778329985398
Epha5,0.712885854244891,0.0586504497007403
Vps13b,0.679683858024513,0.0515737322228386
Dnah8,0.66796280454651,0.0138944051589193
Scn9a,0.655764106840627,0.0368657703922781
Pkhd1,0.654400537904602,0.0327640553989325
Fgf3,0.651089907727488,0.129289990036468
Csmd2,0.64442278992274,0.0688924267950822
Dnah10,0.644320154396424,0.0455524775185035
Dnah17,0.628301740006699,0.0512798718073695
Nav3,0.61088551989975,0.0661010525155638
Akap9,0.610220897915394,0.0245016271469922
Macf1,0.600371510432667,0.0252336928406281
Erbb4,0.571999598952618,0.0848679040379483
Myh2,0.569450417035123,0.0658031983493824
Muc4,0.562199427598658,0.0186910686443886
Ahnak2,0.559094986162626,0.0888262796128259
Ush2a,0.54814900830694,0.0334392766955462
Mgam,0.544974159417861,0.0283150586140063
Adgrb3,0.544168481482746,0.0448050676593248
Neb,0.510080536796443,0.0297887260566101
Ano1,0.501895228165029,0.0221201988663427
Csmd3,0.496477068975206,0.0308995265420391
Lrp1b,0.493018949088646,0.0261407014434652
Pcdh15,0.4852257983203,0.0519704339095029
Fmn2,0.483940723226156,0.0275679386747338
Tnxb,0.479302965702234,0.0632927585204885
Obscn,0.47237365412698,0.0496695003513257
Apob,0.461874957872192,0.0180649807674099
Unc13c,0.460815011045641,0.0327808916748479
Hmcn1,0.455798731106685,0.0340726876953712
Reln,0.450163429840801,0.0215009812697945
Hras,0.44001422455905,0.0297681052885248
Fat4,0.437201004531931,0.0406134456573473
Erich3,0.42368538732651,0.0327353398502557
Fat2,0.417039922610534,0.0355352524298667
Lama2,0.402695908904472,0.0359344314226208
Runx1t1,0.396728851277122,0.0468443459689984
Dnah5,0.391025976386679,0.0397416793355262
Trp63,0.387658505078835,0.000789183926907561
Syne2,0.386580267704988,0.0202235159310507
Tnni3k,0.364935003859711,0.0285529240039682
Pak7,0.364505658546774,0.0405590453685834
Spag17,0.35967813974707,0.0537021974467702
Pik3cg,0.35326641259547,0.0317919125990521
Cacna1e,0.350933939634991,0.0358531185620832
Ep300,0.344225341275751,0.0330150613948276
Col6a5,0.337042654027402,0.0196271829010628
Shank2,0.332139314753869,0.060903772860178
Zfp78,0.326984078454116,0.0326245330801659
Cdkn2b,0.319694323834694,0.0154896169558931
Flg,0.319457406545038,0.0353747390357006
Lrp1,0.317718976770624,0.0293541897496678
Casp8,0.31178815518635,0.0176394939341751
Tet1,0.311629334060261,0.0294555925464769
Pkhd1l1,0.300718347110973,0.0464467706466936
Ryr1,0.294896959266358,0.036874756419777
Cttn,0.293773754700636,0.0319919170658502
Cdkn2a,0.292738538857857,0.0135775926104596
Lrp2,0.29158532023399,0.0382699185706486
Pcdh11x,0.285084296469196,0.0350661243901556
Ttn,0.28349623414109,0.0662463310045712
Fgf15,0.279631382691693,0.0286305293136544
Sis,0.263914292737921,0.0233695111484908
Ryr2,0.263823793053973,0.0340818810341762
P3h2,0.262741191721341,0.035915193925922
Epha7,0.260658850615445,0.0288276238885766
Ros1,0.260522839400949,0.050324554561494
Zfhx4,0.259830155872494,0.0815910305230963
Dnah7a,0.257901190289598,0.0280249244209329
Pclo,0.257661076104007,0.020105223994253
Col11a1,0.252661612286976,0.0221171204626702
Ptprd,0.24302787278047,0.0417079260036261
Dnah11,0.239438939117111,0.0355825415269929
Cubn,0.229672288872795,0.0261613565526836
Syne1,0.224447053893763,0.0208024301403654
Dscam,0.224043839424665,0.0860652340642205
Huwe1,0.223719264130096,0.00862836909310385
Cfh,0.213062363599315,0.0435299075811746
Thsd7a,0.212414413904638,0.0465412595494288
Fgf4,0.20594360318784,0.0294484375407877
Muc5b,0.200530461951202,0.0201112907776892
Dnah6,0.196242665251692,0.0253995180013596
Vcan,0.178670414404637,0.0502866826112437
Nsd1,0.164351504784547,0.00684172611260668
Spta1,0.136854815558722,0.0499174925288269
Dmd,0.134023038368619,0.038672391565217
Col1a2,0.127629151495857,0.0359990459099615
Slit2,0.123194481325035,0.0261020977831888
Ppfia1,0.106903119794899,0.0171154559562621
Pik3ca,0.106622777243874,0.0125324512646371
Kmt2c,0.104135711909711,0.0394286045251484
Adgrl3,0.103828559734605,0.0301338824358831
Adgrl2,0.083388186218103,0.0220255375567928
Herc2,0.0791781626309063,0.0521545192289362
Crebbp,0.0746726473549259,0.0223208284460334
Plec,0.0660265958822864,0.0100973910354663
Aff3,0.0404155571544167,0.0291951703356662
Fbxw7,0.0294832828444762,0.0128671893047108
Fadd,0.0264940433262115,0.0125673809709124
Oraov1,0.0226093431544577,0.00800926009349554
Dst,0.0108859837435468,0.0164019651035557
Mdn1,0.00578723421324415,0.00578706166589988
