tumor_id,guide_target,target_type,tumor_n_cells,fold_change,rank_in_tumor
T01,Abca13,Mutated_in_SCC,7529,0.4809540384404031,105
T01,Adgrb3,Mutated_in_SCC,7529,0.6746329863984453,67
T01,Adgrl2,Mutated_in_SCC,7529,0.1164518006809425,152
T01,Adgrl3,Mutated_in_SCC,7529,0.5692222878839401,81
T01,Adgrv1,Mutated_in_SCC,7529,0.2607916932388966,130
T01,Aff3,Mutated_in_SCC,7529,0.1729846435509316,146
T01,Ahnak,Mutated_in_SCC,7529,0.5145895592134981,93
T01,Ahnak2,Mutated_in_SCC,7529,1.130363465723363,32
T01,Akap9,Mutated_in_SCC,7529,0.565384394164796,83
T01,Ank2,Mutated_in_SCC,7529,0.7908078509278681,53
T01,Ano1,CNV,7529,0.08314562380764957,158
T01,Apob,Mutated_in_SCC,7529,0.6372775383769428,71
T01,Aspm,Mutated_in_SCC,7529,0.6562713216836707,69
T01,Cacna1e,Mutated_in_SCC,7529,0.4305708820819111,111
T01,Casp8,Mutated_in_SCC,7529,0.7630455826419213,58
T01,Ccnd1,CNV,7529,0.2824279347229925,127
T01,Cdh10,Mutated_in_SCC,7529,0.3143719510644248,126
T01,Cdh2,Mutated_in_SCC,7529,0.2630593906831947,129
T01,Cdkn2a,Mutated_in_SCC,7529,0.1824068081746282,143
T01,Cdkn2b,CNV,7529,0.1542774119539472,148
T01,Cfh,Mutated_in_SCC,7529,0.4494691273445137,109
T01,Col11a1,Mutated_in_SCC,7529,0.2501573437180393,133
T01,Col1a2,Mutated_in_SCC,7529,1.025717460164498,36
T01,Col22a1,Mutated_in_SCC,7529,0.9567463137380416,43
T01,Col4a4,Mutated_in_SCC,7529,0.3824521203415022,116
T01,Col6a3,Mutated_in_SCC,7529,0.4352539210525508,110
T01,Col6a5,Mutated_in_SCC,7529,0.1855168393057898,142
T01,Col6a6,Mutated_in_SCC,7529,0.9806266844515825,40
T01,Crebbp,Mutated_in_SCC,7529,0.9040523225736022,45
T01,Csmd1,Mutated_in_SCC,7529,0.04841352053248021,162
T01,Csmd2,Mutated_in_SCC,7529,0.6956853149980695,64
T01,Csmd3,Mutated_in_SCC,7529,0.5940854910272143,77
T01,Cttn,CNV,7529,0.9598524522681571,42
T01,Cubn,Mutated_in_SCC,7529,1.711987629849324,17
T01,D630045J12Rik,Mutated_in_SCC,7529,0.9705823146608983,41
T01,Dgkb,Mutated_in_SCC,7529,1.268000238831303,27
T01,Dmd,Mutated_in_SCC,7529,0.5120929019586535,95
T01,Dnah10,Mutated_in_SCC,7529,1.426454547557222,21
T01,Dnah11,Mutated_in_SCC,7529,0.5134599334447226,94
T01,Dnah17,Mutated_in_SCC,7529,0.09686214945562115,156
T01,Dnah3,Mutated_in_SCC,7529,0.2030028012345334,139
T01,Dnah5,Mutated_in_SCC,7529,0.1348814798516973,150
T01,Dnah6,Mutated_in_SCC,7529,0.850189570410734,48
T01,Dnah7a,Mutated_in_SCC,7529,0.8038389764907182,51
T01,Dnah8,Mutated_in_SCC,7529,0.3648389749894157,117
T01,Dnah9,Mutated_in_SCC,7529,0.9961466328274724,37
T01,Dscam,Mutated_in_SCC,7529,0.2563689197783003,131
T01,Dst,Mutated_in_SCC,7529,1.516171522281175,18
T01,Ep300,Mutated_in_SCC,7529,1.413541878837907,22
T01,Epha5,Mutated_in_SCC,7529,0.5360088207933282,89
T01,Epha7,Mutated_in_SCC,7529,0.329106861573653,123
T01,Erbb4,Mutated_in_SCC,7529,0.4551906840515235,107
T01,Erich3,Mutated_in_SCC,7529,1.197374442064121,29
T01,Fadd,CNV,7529,0.6931618002280274,65
T01,Fam135b,Mutated_in_SCC,7529,0.1863158727152553,141
T01,Fat1,Mutated_in_SCC,7529,17.02473077243549,2
T01,Fat2,Mutated_in_SCC,7529,0.5234853447495472,92
T01,Fat3,Mutated_in_SCC,7529,2.198574747080055,11
T01,Fat4,Mutated_in_SCC,7529,1.947948861408483,15
T01,Fbxw7,Mutated_in_SCC,7529,0.06935592075174073,161
T01,Fgf15,CNV,7529,0.6519626340082918,70
T01,Fgf3,CNV,7529,0.7094595898798723,63
T01,Fgf4,CNV,7529,0.5037784169659817,98
T01,Flg,Mutated_in_SCC,7529,1.214084193776332,28
T01,Fmn2,Mutated_in_SCC,7529,0.4941596409714596,100
T01,Herc2,Mutated_in_SCC,7529,0.5659207516458417,82
T01,Hmcn1,Mutated_in_SCC,7529,3.211545336029198,6
T01,Hras,Mutated_in_SCC,7529,0.5623811051433055,84
T01,Huwe1,Mutated_in_SCC,7529,0.04624641815085905,163
T01,Kdr,Mutated_in_SCC,7529,0.2531583082280295,132
T01,Kmt2c,Mutated_in_SCC,7529,6.096222991830705,3
T01,Kmt2d,Mutated_in_SCC,7529,0.1806096705548417,145
T01,Lama2,Mutated_in_SCC,7529,1.939713031255501,16
T01,Lama5,Mutated_in_SCC,7529,0.6908530245352527,66
T01,Lrp1,Mutated_in_SCC,7529,0.2491977489117198,134
T01,Lrp1b,Mutated_in_SCC,7529,1.387279614945559,23
T01,Lrp2,Mutated_in_SCC,7529,0.8722058062236003,47
T01,Macf1,Mutated_in_SCC,7529,0.5072407576848944,97
T01,Magi2,Mutated_in_SCC,7529,0.7657380256320042,57
T01,Mdn1,Mutated_in_SCC,7529,0.01282540572864901,165
T01,Mgam,Mutated_in_SCC,7529,0.7505002815577683,59
T01,Mroh2b,Mutated_in_SCC,7529,0.2167297506271587,136
T01,Muc16,Mutated_in_SCC,7529,1.483861263890032,19
T01,Muc2,Mutated_in_SCC,7529,2.377429250022081,9
T01,Muc3,Mutated_in_SCC,7529,0.8138960240978234,50
T01,Muc4,Mutated_in_SCC,7529,0.02593903774593894,164
T01,Muc5b,Mutated_in_SCC,7529,0.4749752984479051,106
T01,Myh1,Mutated_in_SCC,7529,3.107685441008563,7
T01,Myh2,Mutated_in_SCC,7529,2.180896359193521,12
T01,Myh8,Mutated_in_SCC,7529,0.7895933685752897,54
T01,Nav3,Mutated_in_SCC,7529,0.5432039857389434,88
T01,Neb,Mutated_in_SCC,7529,0.9830671998932324,39
T01,Notch1,Mutated_in_SCC,7529,58.63115745618196,1
T01,Notch2,Mutated_in_SCC,7529,1.157925359552473,31
T01,Nsd1,Mutated_in_SCC,7529,0.1699581654846891,147
T01,Obscn,Mutated_in_SCC,7529,0.7951392885867966,52
T01,Oraov1,CNV,7529,0.0,166
T01,P3h2,CNV,7529,0.600199814524868,74
T01,Pak7,Mutated_in_SCC,7529,0.7401238547113116,60
T01,Pappa2,Mutated_in_SCC,7529,0.3854656599075414,115
T01,Pcdh11x,Mutated_in_SCC,7529,0.3872401655518062,114
T01,Pcdh15,Mutated_in_SCC,7529,0.4276670609796854,112
T01,Pclo,Mutated_in_SCC,7529,0.3235079921585422,124
T01,Peg3,Mutated_in_SCC,7529,0.9112408213018295,44
T01,Pik3ca,Mutated_in_SCC,7529,0.1039083815448802,154
T01,Pik3cg,Mutated_in_SCC,7529,0.5874569616434995,78
T01,Pkhd1,Mutated_in_SCC,7529,0.5616969423831498,85
T01,Pkhd1l1,Mutated_in_SCC,7529,2.132382043359418,13
T01,Plec,Mutated_in_SCC,7529,0.152001061096484,149
T01,Ppfia1,CNV,7529,0.2146787113528678,137
T01,Prex2,Mutated_in_SCC,7529,2.001074388037734,14
T01,Prkdc,Mutated_in_SCC,7529,0.5949630661502655,76
T01,Ptprd,Mutated_in_SCC,7529,0.5087204096444483,96
T01,Reln,Mutated_in_SCC,7529,0.1093478665583841,153
T01,Ros1,Mutated_in_SCC,7529,0.5553621383783642,86
T01,Rp1,Mutated_in_SCC,7529,0.4847355066797137,104
T01,Runx1t1,Mutated_in_SCC,7529,0.7758710862309199,55
T01,Ryr1,Mutated_in_SCC,7529,1.432731357440462,20
T01,Ryr2,Mutated_in_SCC,7529,0.3364658336103445,122
T01,Ryr3,Mutated_in_SCC,7529,4.581170432061801,5
T01,Scn9a,Mutated_in_SCC,7529,0.5774085895882095,80
T01,Shank2,CNV,7529,0.6602241376715439,68
T01,Sis,Mutated_in_SCC,7529,0.503458917405072,99
T01,Slit2,Mutated_in_SCC,7529,0.6111822312117394,73
T01,Sox2,CNV,7529,0.4908548102835657,102
T01,Spag17,Mutated_in_SCC,7529,0.09969420670291015,155
T01,Sphkap,Mutated_in_SCC,7529,0.6000637857957432,75
T01,Spta1,Mutated_in_SCC,7529,0.9941507445353868,38
T01,Syne1,Mutated_in_SCC,7529,0.8798548772576404,46
T01,Syne2,Mutated_in_SCC,7529,0.1814567245362318,144
T01,Tenm1,Mutated_in_SCC,7529,0.4900444665539133,103
T01,Tet1,Mutated_in_SCC,7529,0.5543665542434022,87
T01,Thsd7a,Mutated_in_SCC,7529,2.221289663001881,10
T01,Tnni3k,Mutated_in_SCC,7529,0.3545962780040331,119
T01,Tnxb,Mutated_in_SCC,7529,0.2214743435066439,135
T01,Tpcn2,CNV,7529,0.3415348168859906,121
T01,Trp53,Mutated_in_SCC,7529,5.3030770521357,4
T01,Trp63,CNV,7529,0.0,166
T01,Ttn,Mutated_in_SCC,7529,0.6239322810548762,72
T01,Unc13c,Mutated_in_SCC,7529,1.078592521501849,34
T01,Ush2a,Mutated_in_SCC,7529,0.3211805638550351,125
T01,Vcan,Mutated_in_SCC,7529,0.5818964202587116,79
T01,Vps13b,Mutated_in_SCC,7529,0.1196591061153642,151
T01,Xirp2,Mutated_in_SCC,7529,2.52990108692798,8
T01,Zfhx4,Mutated_in_SCC,7529,0.1974476686341735,140
T01,Zfp469,Mutated_in_SCC,7529,0.3517821519983756,120
T01,Zfp78,Mutated_in_SCC,7529,0.4927108582693248,101
T01,Zfp804b,Mutated_in_SCC,7529,1.277095869923639,26
T01,Zfp831,Mutated_in_SCC,7529,1.04528965089681,35
T01,Zmat3,CNV,7529,1.176752279363414,30
T01,ctrl_1,Control,7529,0.7132005750414431,61
T01,ctrl_10,Control,7529,0.08001511466811002,159
T01,ctrl_11,Control,7529,0.07317722546922399,160
T01,ctrl_12,Control,7529,1.304256171572212,25
T01,ctrl_13,Control,7529,1.107080299062075,33
T01,ctrl_14,Control,7529,0.5320025741877029,90
T01,ctrl_15,Control,7529,0.2818330948717309,128
T01,ctrl_16,Control,7529,0.7730493469356253,56
T01,ctrl_17,Control,7529,1.340734979158406,24
T01,ctrl_2,Control,7529,0.09575355002381207,157
T01,ctrl_3,Control,7529,0.7103894977721913,62
T01,ctrl_4,Control,7529,0.2116264090420737,138
T01,ctrl_5,Control,7529,0.4516720530821862,108
T01,ctrl_6,Control,7529,0.3546092141098127,118
T01,ctrl_7,Control,7529,0.396166206082986,113
T01,ctrl_8,Control,7529,0.529820222090277,91
T01,ctrl_9,Control,7529,0.8335908927734532,49
T02,Abca13,Mutated_in_SCC,11484,0.09980047847188056,100
T02,Adgrb3,Mutated_in_SCC,11484,0.0,144
T02,Adgrl2,Mutated_in_SCC,11484,12.59721080048168,3
T02,Adgrl3,Mutated_in_SCC,11484,0.5722296382786896,56
T02,Adgrv1,Mutated_in_SCC,11484,0.1967437936438464,82
T02,Aff3,Mutated_in_SCC,11484,0.992365185954212,41
T02,Ahnak,Mutated_in_SCC,11484,0.04781843984914975,124
T02,Ahnak2,Mutated_in_SCC,11484,9.623079615599467,5
T02,Akap9,Mutated_in_SCC,11484,1.407276747135226,34
T02,Ank2,Mutated_in_SCC,11484,0.6164311911487329,54
T02,Ano1,CNV,11484,0.139187795987569,90
T02,Apob,Mutated_in_SCC,11484,0.01824233159432082,136
T02,Aspm,Mutated_in_SCC,11484,0.09598509541374213,103
T02,Cacna1e,Mutated_in_SCC,11484,1.131849115313432,39
T02,Casp8,Mutated_in_SCC,11484,0.04517426047655747,127
T02,Ccnd1,CNV,11484,0.06984121975456677,114
T02,Cdh10,Mutated_in_SCC,11484,1.236489701710459,38
T02,Cdh2,Mutated_in_SCC,11484,0.6343100816085114,52
T02,Cdkn2a,Mutated_in_SCC,11484,0.0,144
T02,Cdkn2b,CNV,11484,0.2969550858115736,71
T02,Cfh,Mutated_in_SCC,11484,1.959848112877502,28
T02,Col11a1,Mutated_in_SCC,11484,0.7579295302686403,49
T02,Col1a2,Mutated_in_SCC,11484,1.828281242999481,29
T02,Col22a1,Mutated_in_SCC,11484,0.04858953923547238,122
T02,Col4a4,Mutated_in_SCC,11484,0.1926574280558611,84
T02,Col6a3,Mutated_in_SCC,11484,0.1033764662698095,99
T02,Col6a5,Mutated_in_SCC,11484,0.0,144
T02,Col6a6,Mutated_in_SCC,11484,0.02388007507193072,129
T02,Crebbp,Mutated_in_SCC,11484,0.8960927723805672,46
T02,Csmd1,Mutated_in_SCC,11484,2.461538816109306,20
T02,Csmd2,Mutated_in_SCC,11484,1.692526584402583,30
T02,Csmd3,Mutated_in_SCC,11484,0.03018147441437294,128
T02,Cttn,CNV,11484,0.05522202236337401,119
T02,Cubn,Mutated_in_SCC,11484,0.1119220819127199,96
T02,D630045J12Rik,Mutated_in_SCC,11484,0.1891557087569802,85
T02,Dgkb,Mutated_in_SCC,11484,0.3339386163375849,68
T02,Dmd,Mutated_in_SCC,11484,0.0,144
T02,Dnah10,Mutated_in_SCC,11484,0.0,144
T02,Dnah11,Mutated_in_SCC,11484,0.104308846336408,98
T02,Dnah17,Mutated_in_SCC,11484,1.6105122670082,31
T02,Dnah3,Mutated_in_SCC,11484,0.2833776285090964,73
T02,Dnah5,Mutated_in_SCC,11484,0.05946705016161718,118
T02,Dnah6,Mutated_in_SCC,11484,0.2925822289332797,72
T02,Dnah7a,Mutated_in_SCC,11484,2.28336357935264,23
T02,Dnah8,Mutated_in_SCC,11484,0.2015974127007912,81
T02,Dnah9,Mutated_in_SCC,11484,1.249368483119403,37
T02,Dscam,Mutated_in_SCC,11484,0.3351303622583995,67
T02,Dst,Mutated_in_SCC,11484,0.01710949183081832,137
T02,Ep300,Mutated_in_SCC,11484,0.7953784726874381,48
T02,Epha5,Mutated_in_SCC,11484,0.5121933671404564,58
T02,Epha7,Mutated_in_SCC,11484,0.01845210388758636,135
T02,Erbb4,Mutated_in_SCC,11484,7.031502563019871,7
T02,Erich3,Mutated_in_SCC,11484,0.5341518817359427,57
T02,Fadd,CNV,11484,0.0958461099350818,104
T02,Fam135b,Mutated_in_SCC,11484,0.6736669408823727,51
T02,Fat1,Mutated_in_SCC,11484,4.729417935222909,10
T02,Fat2,Mutated_in_SCC,11484,0.009419937347767261,143
T02,Fat3,Mutated_in_SCC,11484,0.2742011270948215,75
T02,Fat4,Mutated_in_SCC,11484,0.04556098664213246,126
T02,Fbxw7,Mutated_in_SCC,11484,0.336241963199752,66
T02,Fgf15,CNV,11484,2.443870480574506,21
T02,Fgf3,CNV,11484,2.952202310254463,17
T02,Fgf4,CNV,11484,0.07132841282769027,113
T02,Flg,Mutated_in_SCC,11484,0.09609042857030448,102
T02,Fmn2,Mutated_in_SCC,11484,0.01174804849553059,141
T02,Herc2,Mutated_in_SCC,11484,4.141049957283975,14
T02,Hmcn1,Mutated_in_SCC,11484,0.0,144
T02,Hras,Mutated_in_SCC,11484,0.2395605594788883,78
T02,Huwe1,Mutated_in_SCC,11484,0.0,144
T02,Kdr,Mutated_in_SCC,11484,0.0,144
T02,Kmt2c,Mutated_in_SCC,11484,1.962019187987915,27
T02,Kmt2d,Mutated_in_SCC,11484,0.06723478172685882,115
T02,Lama2,Mutated_in_SCC,11484,0.07141786575730807,112
T02,Lama5,Mutated_in_SCC,11484,0.01953349763234151,132
T02,Lrp1,Mutated_in_SCC,11484,0.08392072649271098,109
T02,Lrp1b,Mutated_in_SCC,11484,0.07214730942560597,111
T02,Lrp2,Mutated_in_SCC,11484,0.04856195458329204,123
T02,Macf1,Mutated_in_SCC,11484,0.1577779290001762,87
T02,Magi2,Mutated_in_SCC,11484,2.068036288154033,25
T02,Mdn1,Mutated_in_SCC,11484,0.07567592455407395,110
T02,Mgam,Mutated_in_SCC,11484,0.3648246484873416,65
T02,Mroh2b,Mutated_in_SCC,11484,0.1420897154712537,89
T02,Muc16,Mutated_in_SCC,11484,1.311632288503692,35
T02,Muc2,Mutated_in_SCC,11484,0.08579204093138262,108
T02,Muc3,Mutated_in_SCC,11484,0.5876285312834468,55
T02,Muc4,Mutated_in_SCC,11484,1.413684996255293,33
T02,Muc5b,Mutated_in_SCC,11484,0.6314794898669572,53
T02,Myh1,Mutated_in_SCC,11484,2.140949556078263,24
T02,Myh2,Mutated_in_SCC,11484,0.02154399735584871,131
T02,Myh8,Mutated_in_SCC,11484,0.0,144
T02,Nav3,Mutated_in_SCC,11484,0.3773496028346466,64
T02,Neb,Mutated_in_SCC,11484,0.1964314034644269,83
T02,Notch1,Mutated_in_SCC,11484,18.91134652893732,2
T02,Notch2,Mutated_in_SCC,11484,0.9771747558981657,42
T02,Nsd1,Mutated_in_SCC,11484,0.0,144
T02,Obscn,Mutated_in_SCC,11484,0.8197998930311402,47
T02,Oraov1,CNV,11484,0.0,144
T02,P3h2,CNV,11484,0.0,144
T02,Pak7,Mutated_in_SCC,11484,9.135837217004234,6
T02,Pappa2,Mutated_in_SCC,11484,0.009859402452493478,142
T02,Pcdh11x,Mutated_in_SCC,11484,1.302036322247909,36
T02,Pcdh15,Mutated_in_SCC,11484,0.04741110086510145,125
T02,Pclo,Mutated_in_SCC,11484,0.2725081135313304,76
T02,Peg3,Mutated_in_SCC,11484,4.499187064616351,11
T02,Pik3ca,Mutated_in_SCC,11484,0.2980380981199072,70
T02,Pik3cg,Mutated_in_SCC,11484,0.06307336336256847,116
T02,Pkhd1,Mutated_in_SCC,11484,0.05394426421263168,120
T02,Pkhd1l1,Mutated_in_SCC,11484,0.0,144
T02,Plec,Mutated_in_SCC,11484,0.0,144
T02,Ppfia1,CNV,11484,0.1132010043749612,95
T02,Prex2,Mutated_in_SCC,11484,0.4153191033102205,62
T02,Prkdc,Mutated_in_SCC,11484,0.0,144
T02,Ptprd,Mutated_in_SCC,11484,0.4678418461793286,59
T02,Reln,Mutated_in_SCC,11484,0.4312194008568248,61
T02,Ros1,Mutated_in_SCC,11484,0.9430666254528512,44
T02,Rp1,Mutated_in_SCC,11484,0.3186924889776002,69
T02,Runx1t1,Mutated_in_SCC,11484,0.2085301230849838,80
T02,Ryr1,Mutated_in_SCC,11484,0.9005829653732588,45
T02,Ryr2,Mutated_in_SCC,11484,0.3828295333686949,63
T02,Ryr3,Mutated_in_SCC,11484,5.691431825224043,9
T02,Scn9a,Mutated_in_SCC,11484,1.059128320433206,40
T02,Shank2,CNV,11484,0.1089808620458389,97
T02,Sis,Mutated_in_SCC,11484,0.01916978144364685,134
T02,Slit2,Mutated_in_SCC,11484,0.0,144
T02,Sox2,CNV,11484,0.01924388904052571,133
T02,Spag17,Mutated_in_SCC,11484,2.361294248247143,22
T02,Sphkap,Mutated_in_SCC,11484,3.3190799046969,16
T02,Spta1,Mutated_in_SCC,11484,1.981232261346177,26
T02,Syne1,Mutated_in_SCC,11484,0.0,144
T02,Syne2,Mutated_in_SCC,11484,0.1282705120743518,92
T02,Tenm1,Mutated_in_SCC,11484,0.02295710527477861,130
T02,Tet1,Mutated_in_SCC,11484,0.06019851440896655,117
T02,Thsd7a,Mutated_in_SCC,11484,4.389561022470092,13
T02,Tnni3k,Mutated_in_SCC,11484,0.1286647191743615,91
T02,Tnxb,Mutated_in_SCC,11484,0.2771329239353907,74
T02,Tpcn2,CNV,11484,4.460680280538579,12
T02,Trp53,Mutated_in_SCC,11484,2.854051037019754,18
T02,Trp63,CNV,11484,0.0,144
T02,Ttn,Mutated_in_SCC,11484,0.08689789910110235,106
T02,Unc13c,Mutated_in_SCC,11484,0.2120576395026201,79
T02,Ush2a,Mutated_in_SCC,11484,0.4484681768910977,60
T02,Vcan,Mutated_in_SCC,11484,0.0,144
T02,Vps13b,Mutated_in_SCC,11484,0.01329299343044434,139
T02,Xirp2,Mutated_in_SCC,11484,20.92974150749839,1
T02,Zfhx4,Mutated_in_SCC,11484,9.910045272469318,4
T02,Zfp469,Mutated_in_SCC,11484,1.564901922771784,32
T02,Zfp78,Mutated_in_SCC,11484,0.0,144
T02,Zfp804b,Mutated_in_SCC,11484,0.2517705475684924,77
T02,Zfp831,Mutated_in_SCC,11484,2.466055639494777,19
T02,Zmat3,CNV,11484,0.01223381246759388,140
T02,ctrl_1,Control,11484,0.08632684863344929,107
T02,ctrl_10,Control,11484,0.0,144
T02,ctrl_11,Control,11484,0.0,144
T02,ctrl_12,Control,11484,0.1469985440959015,88
T02,ctrl_13,Control,11484,0.0,144
T02,ctrl_14,Control,11484,0.7285725303296463,50
T02,ctrl_15,Control,11484,0.09037785581452355,105
T02,ctrl_16,Control,11484,0.09960321349383812,101
T02,ctrl_17,Control,11484,7.002485412168719,8
T02,ctrl_2,Control,11484,0.05001151964977898,121
T02,ctrl_3,Control,11484,0.0,144
T02,ctrl_4,Control,11484,0.01589087413231518,138
T02,ctrl_5,Control,11484,0.9694695075925212,43
T02,ctrl_6,Control,11484,0.1649506256617568,86
T02,ctrl_7,Control,11484,3.478531597807223,15
T02,ctrl_8,Control,11484,0.1262778863031382,93
T02,ctrl_9,Control,11484,0.1133217957558512,94
T03,Abca13,Mutated_in_SCC,25582,0.02563578784901911,145
T03,Adgrb3,Mutated_in_SCC,25582,1.078146645405846,21
T03,Adgrl2,Mutated_in_SCC,25582,2.037955863073792,9
T03,Adgrl3,Mutated_in_SCC,25582,0.064721420233865,128
T03,Adgrv1,Mutated_in_SCC,25582,0.4643024172391914,45
T03,Aff3,Mutated_in_SCC,25582,0.03856940343547597,140
T03,Ahnak,Mutated_in_SCC,25582,0.4391133353292422,49
T03,Ahnak2,Mutated_in_SCC,25582,0.311888456199999,70
T03,Akap9,Mutated_in_SCC,25582,0.3879062171380348,58
T03,Ank2,Mutated_in_SCC,25582,0.048041336722142,134
T03,Ano1,CNV,25582,0.1357262185008364,108
T03,Apob,Mutated_in_SCC,25582,0.06253547542677608,130
T03,Aspm,Mutated_in_SCC,25582,0.0,160
T03,Cacna1e,Mutated_in_SCC,25582,0.1335264399569497,109
T03,Casp8,Mutated_in_SCC,25582,0.006495359648075003,157
T03,Ccnd1,CNV,25582,0.009132909063866249,154
T03,Cdh10,Mutated_in_SCC,25582,1.809297877675769,12
T03,Cdh2,Mutated_in_SCC,25582,1.974393147290572,10
T03,Cdkn2a,Mutated_in_SCC,25582,0.1074563203317566,119
T03,Cdkn2b,CNV,25582,0.2110598801062638,89
T03,Cfh,Mutated_in_SCC,25582,0.2506733693346605,79
T03,Col11a1,Mutated_in_SCC,25582,0.4373462567908091,50
T03,Col1a2,Mutated_in_SCC,25582,0.4537315366280334,48
T03,Col22a1,Mutated_in_SCC,25582,0.1218933263508303,116
T03,Col4a4,Mutated_in_SCC,25582,0.09486766201030068,123
T03,Col6a3,Mutated_in_SCC,25582,0.4259793289011831,51
T03,Col6a5,Mutated_in_SCC,25582,0.0,160
T03,Col6a6,Mutated_in_SCC,25582,0.5983914793359273,38
T03,Crebbp,Mutated_in_SCC,25582,0.2650225508440451,76
T03,Csmd1,Mutated_in_SCC,25582,0.02829182886224952,142
T03,Csmd2,Mutated_in_SCC,25582,0.08242732064931545,125
T03,Csmd3,Mutated_in_SCC,25582,0.09555586240144641,122
T03,Cttn,CNV,25582,0.4253443529107891,52
T03,Cubn,Mutated_in_SCC,25582,0.5399586242074684,41
T03,D630045J12Rik,Mutated_in_SCC,25582,0.3321675452537624,66
T03,Dgkb,Mutated_in_SCC,25582,0.06802990892020255,126
T03,Dmd,Mutated_in_SCC,25582,0.1177183947620142,117
T03,Dnah10,Mutated_in_SCC,25582,1.217216982833348,19
T03,Dnah11,Mutated_in_SCC,25582,0.1375127304223586,107
T03,Dnah17,Mutated_in_SCC,25582,0.1744259859870958,94
T03,Dnah3,Mutated_in_SCC,25582,0.002835309887868934,159
T03,Dnah5,Mutated_in_SCC,25582,0.2452033691409935,82
T03,Dnah6,Mutated_in_SCC,25582,0.4039408186448826,55
T03,Dnah7a,Mutated_in_SCC,25582,0.05004733007987185,132
T03,Dnah8,Mutated_in_SCC,25582,0.1932842527672807,90
T03,Dnah9,Mutated_in_SCC,25582,0.5330450682657395,42
T03,Dscam,Mutated_in_SCC,25582,2.302580990821828,8
T03,Dst,Mutated_in_SCC,25582,0.1144309349173947,118
T03,Ep300,Mutated_in_SCC,25582,0.1743601086146712,95
T03,Epha5,Mutated_in_SCC,25582,0.6066362148687447,37
T03,Epha7,Mutated_in_SCC,25582,0.1006405481392256,121
T03,Erbb4,Mutated_in_SCC,25582,0.7033029950808082,31
T03,Erich3,Mutated_in_SCC,25582,0.4048331950375976,54
T03,Fadd,CNV,25582,0.02823781267876172,143
T03,Fam135b,Mutated_in_SCC,25582,0.2519278970408795,78
T03,Fat1,Mutated_in_SCC,25582,47.51172524717512,1
T03,Fat2,Mutated_in_SCC,25582,0.1737758864136515,96
T03,Fat3,Mutated_in_SCC,25582,0.2112797757412653,88
T03,Fat4,Mutated_in_SCC,25582,0.3294289119853968,68
T03,Fbxw7,Mutated_in_SCC,25582,0.0,160
T03,Fgf15,CNV,25582,0.007182713585880746,156
T03,Fgf3,CNV,25582,1.804774122701746,13
T03,Fgf4,CNV,25582,0.2534145276301689,77
T03,Flg,Mutated_in_SCC,25582,0.1605217909866267,100
T03,Fmn2,Mutated_in_SCC,25582,0.315125382890232,69
T03,Herc2,Mutated_in_SCC,25582,0.1320993319613594,111
T03,Hmcn1,Mutated_in_SCC,25582,0.09059283731224614,124
T03,Hras,Mutated_in_SCC,25582,0.1895062271198176,91
T03,Huwe1,Mutated_in_SCC,25582,0.00740067680832635,155
T03,Kdr,Mutated_in_SCC,25582,0.0098010098197764,151
T03,Kmt2c,Mutated_in_SCC,25582,0.1254647546008422,115
T03,Kmt2d,Mutated_in_SCC,25582,0.3034879597849324,71
T03,Lama2,Mutated_in_SCC,25582,0.0,160
T03,Lama5,Mutated_in_SCC,25582,0.03706800143340241,141
T03,Lrp1,Mutated_in_SCC,25582,0.1417570530915533,106
T03,Lrp1b,Mutated_in_SCC,25582,0.01556828179352321,149
T03,Lrp2,Mutated_in_SCC,25582,0.009738045431923819,152
T03,Macf1,Mutated_in_SCC,25582,0.8398207376515382,28
T03,Magi2,Mutated_in_SCC,25582,1.314367625425633,16
T03,Mdn1,Mutated_in_SCC,25582,0.04461260404991094,136
T03,Mgam,Mutated_in_SCC,25582,0.06395003849015275,129
T03,Mroh2b,Mutated_in_SCC,25582,0.02590898943284546,144
T03,Muc16,Mutated_in_SCC,25582,0.2292146756784588,85
T03,Muc2,Mutated_in_SCC,25582,0.7004235403711797,32
T03,Muc3,Mutated_in_SCC,25582,0.4628438722600595,46
T03,Muc4,Mutated_in_SCC,25582,0.04211700151780064,137
T03,Muc5b,Mutated_in_SCC,25582,0.02104062031304036,147
T03,Myh1,Mutated_in_SCC,25582,3.605331844320713,6
T03,Myh2,Mutated_in_SCC,25582,0.863244224768377,25
T03,Myh8,Mutated_in_SCC,25582,0.0,160
T03,Nav3,Mutated_in_SCC,25582,0.7321516136131199,29
T03,Neb,Mutated_in_SCC,25582,0.6619933668955242,35
T03,Notch1,Mutated_in_SCC,25582,14.41183172392399,2
T03,Notch2,Mutated_in_SCC,25582,5.363175713951351,3
T03,Nsd1,Mutated_in_SCC,25582,0.04534195091803001,135
T03,Obscn,Mutated_in_SCC,25582,0.2717830538145329,74
T03,Oraov1,CNV,25582,0.1291493737864378,112
T03,P3h2,CNV,25582,0.3778634120101843,61
T03,Pak7,Mutated_in_SCC,25582,0.1576378275155727,101
T03,Pappa2,Mutated_in_SCC,25582,0.1644969474513286,99
T03,Pcdh11x,Mutated_in_SCC,25582,0.0,160
T03,Pcdh15,Mutated_in_SCC,25582,0.5173380383037588,43
T03,Pclo,Mutated_in_SCC,25582,0.02175707447853249,146
T03,Peg3,Mutated_in_SCC,25582,1.803432583740725,14
T03,Pik3ca,Mutated_in_SCC,25582,0.2337881619229816,83
T03,Pik3cg,Mutated_in_SCC,25582,0.1536877665583637,103
T03,Pkhd1,Mutated_in_SCC,25582,0.1541481850849333,102
T03,Pkhd1l1,Mutated_in_SCC,25582,0.01772447826345432,148
T03,Plec,Mutated_in_SCC,25582,0.01540317612668605,150
T03,Ppfia1,CNV,25582,0.1709691996677104,97
T03,Prex2,Mutated_in_SCC,25582,0.9560989100976333,23
T03,Prkdc,Mutated_in_SCC,25582,0.1329889682591352,110
T03,Ptprd,Mutated_in_SCC,25582,0.5812446361469099,39
T03,Reln,Mutated_in_SCC,25582,0.2464730764549124,81
T03,Ros1,Mutated_in_SCC,25582,2.612961494701133,7
T03,Rp1,Mutated_in_SCC,25582,0.3320666471321538,67
T03,Runx1t1,Mutated_in_SCC,25582,0.1521509004518433,104
T03,Ryr1,Mutated_in_SCC,25582,0.2190791413270897,86
T03,Ryr2,Mutated_in_SCC,25582,0.2839810991072731,72
T03,Ryr3,Mutated_in_SCC,25582,0.6080920835505689,36
T03,Scn9a,Mutated_in_SCC,25582,0.05871533371415476,131
T03,Shank2,CNV,25582,0.6709017480373035,34
T03,Sis,Mutated_in_SCC,25582,0.004297669419231456,158
T03,Slit2,Mutated_in_SCC,25582,0.1279008257221213,113
T03,Sox2,CNV,25582,0.3826398226182033,59
T03,Spag17,Mutated_in_SCC,25582,0.2692552270574639,75
T03,Sphkap,Mutated_in_SCC,25582,0.1842317362706204,93
T03,Spta1,Mutated_in_SCC,25582,0.06484798965777644,127
T03,Syne1,Mutated_in_SCC,25582,0.1512918483002855,105
T03,Syne2,Mutated_in_SCC,25582,0.3808439072525356,60
T03,Tenm1,Mutated_in_SCC,25582,0.2483571219257357,80
T03,Tet1,Mutated_in_SCC,25582,0.2823366552357852,73
T03,Thsd7a,Mutated_in_SCC,25582,0.04885271208734442,133
T03,Tnni3k,Mutated_in_SCC,25582,0.1266426749791807,114
T03,Tnxb,Mutated_in_SCC,25582,1.313026444436952,17
T03,Tpcn2,CNV,25582,0.169885338770049,98
T03,Trp53,Mutated_in_SCC,25582,1.909545876948552,11
T03,Trp63,CNV,25582,0.0,160
T03,Ttn,Mutated_in_SCC,25582,5.229148030024276,4
T03,Unc13c,Mutated_in_SCC,25582,0.3908909116206835,57
T03,Ush2a,Mutated_in_SCC,25582,0.8539374771795232,26
T03,Vcan,Mutated_in_SCC,25582,1.075034116901148,22
T03,Vps13b,Mutated_in_SCC,25582,0.3355814434898592,65
T03,Xirp2,Mutated_in_SCC,25582,0.04079984187624058,139
T03,Zfhx4,Mutated_in_SCC,25582,1.120243218303923,20
T03,Zfp469,Mutated_in_SCC,25582,0.2302486600089026,84
T03,Zfp78,Mutated_in_SCC,25582,0.9496816938200223,24
T03,Zfp804b,Mutated_in_SCC,25582,0.4128975307547584,53
T03,Zfp831,Mutated_in_SCC,25582,0.0095172214380596,153
T03,Zmat3,CNV,25582,0.7201038780290562,30
T03,ctrl_1,Control,25582,3.91134075921203,5
T03,ctrl_10,Control,25582,0.4606169734843057,47
T03,ctrl_11,Control,25582,0.04125575990153001,138
T03,ctrl_12,Control,25582,0.6933387977013369,33
T03,ctrl_13,Control,25582,0.8514097115893597,27
T03,ctrl_14,Control,25582,0.3431095858226827,62
T03,ctrl_15,Control,25582,0.4966381191511419,44
T03,ctrl_16,Control,25582,0.3947721553206792,56
T03,ctrl_17,Control,25582,0.1050961913488923,120
T03,ctrl_2,Control,25582,0.2153725229948537,87
T03,ctrl_3,Control,25582,0.0,160
T03,ctrl_4,Control,25582,0.1874765039365476,92
T03,ctrl_5,Control,25582,0.5490140004842285,40
T03,ctrl_6,Control,25582,0.3358131580172147,64
T03,ctrl_7,Control,25582,1.304550532664556,18
T03,ctrl_8,Control,25582,0.3413127634238822,63
T03,ctrl_9,Control,25582,1.406452855101731,15
T04,Abca13,Mutated_in_SCC,24978,0.1015139692934978,148
T04,Adgrb3,Mutated_in_SCC,24978,1.683685916374529,24
T04,Adgrl2,Mutated_in_SCC,24978,3.184178185290522,10
T04,Adgrl3,Mutated_in_SCC,24978,0.07548225769888335,153
T04,Adgrv1,Mutated_in_SCC,24978,0.7195874428358014,62
T04,Aff3,Mutated_in_SCC,24978,0.609318619098913,73
T04,Ahnak,Mutated_in_SCC,24978,0.3443900813931663,108
T04,Ahnak2,Mutated_in_SCC,24978,0.3458715074561566,107
T04,Akap9,Mutated_in_SCC,24978,0.5582880248878462,76
T04,Ank2,Mutated_in_SCC,24978,0.3768406726367106,101
T04,Ano1,CNV,24978,0.2709233748467305,115
T04,Apob,Mutated_in_SCC,24978,0.4213008581611388,91
T04,Aspm,Mutated_in_SCC,24978,0.145670393979443,138
T04,Cacna1e,Mutated_in_SCC,24978,0.1787594210458334,131
T04,Casp8,Mutated_in_SCC,24978,0.266706151502174,117
T04,Ccnd1,CNV,24978,0.315493218381981,109
T04,Cdh10,Mutated_in_SCC,24978,2.059347871087356,20
T04,Cdh2,Mutated_in_SCC,24978,1.6382142864485,25
T04,Cdkn2a,Mutated_in_SCC,24978,0.1389194306177689,140
T04,Cdkn2b,CNV,24978,0.6019672196441461,74
T04,Cfh,Mutated_in_SCC,24978,3.862783773350665,7
T04,Col11a1,Mutated_in_SCC,24978,0.9453345027709372,46
T04,Col1a2,Mutated_in_SCC,24978,0.6447649615690036,67
T04,Col22a1,Mutated_in_SCC,24978,2.75888355151233,11
T04,Col4a4,Mutated_in_SCC,24978,0.09439976042976081,151
T04,Col6a3,Mutated_in_SCC,24978,0.4095165043949661,94
T04,Col6a5,Mutated_in_SCC,24978,0.1254876667693964,145
T04,Col6a6,Mutated_in_SCC,24978,0.6182033127458895,70
T04,Crebbp,Mutated_in_SCC,24978,0.1860576679199667,130
T04,Csmd1,Mutated_in_SCC,24978,0.2153661100439906,126
T04,Csmd2,Mutated_in_SCC,24978,0.6781483523948458,64
T04,Csmd3,Mutated_in_SCC,24978,0.05270824782964588,156
T04,Cttn,CNV,24978,0.8374339702503093,53
T04,Cubn,Mutated_in_SCC,24978,0.7722290432546778,60
T04,D630045J12Rik,Mutated_in_SCC,24978,0.3633774776647163,104
T04,Dgkb,Mutated_in_SCC,24978,0.1270558707644788,143
T04,Dmd,Mutated_in_SCC,24978,0.4784922491790711,85
T04,Dnah10,Mutated_in_SCC,24978,1.186799324863489,31
T04,Dnah11,Mutated_in_SCC,24978,0.05112989553757181,158
T04,Dnah17,Mutated_in_SCC,24978,0.2719162480571118,114
T04,Dnah3,Mutated_in_SCC,24978,0.01371513174473316,164
T04,Dnah5,Mutated_in_SCC,24978,0.6197269292314097,69
T04,Dnah6,Mutated_in_SCC,24978,0.3021729752967318,110
T04,Dnah7a,Mutated_in_SCC,24978,0.02990878757186159,161
T04,Dnah8,Mutated_in_SCC,24978,0.8269994728680495,54
T04,Dnah9,Mutated_in_SCC,24978,0.6131461203607658,72
T04,Dscam,Mutated_in_SCC,24978,2.236365965966366,17
T04,Dst,Mutated_in_SCC,24978,0.4075663877989372,95
T04,Ep300,Mutated_in_SCC,24978,0.625330343234928,68
T04,Epha5,Mutated_in_SCC,24978,1.296537754483806,29
T04,Epha7,Mutated_in_SCC,24978,0.4162485790748342,92
T04,Erbb4,Mutated_in_SCC,24978,0.8505218003770874,50
T04,Erich3,Mutated_in_SCC,24978,1.464625888999668,27
T04,Fadd,CNV,24978,0.03894651739754629,159
T04,Fam135b,Mutated_in_SCC,24978,0.9009741166154693,47
T04,Fat1,Mutated_in_SCC,24978,18.64522835930302,1
T04,Fat2,Mutated_in_SCC,24978,0.3578070473526802,106
T04,Fat3,Mutated_in_SCC,24978,0.4304735386619214,90
T04,Fat4,Mutated_in_SCC,24978,0.3716413351114325,103
T04,Fbxw7,Mutated_in_SCC,24978,0.0,165
T04,Fgf15,CNV,24978,0.556776100991998,77
T04,Fgf3,CNV,24978,2.344905069511064,15
T04,Fgf4,CNV,24978,1.08471649311089,37
T04,Flg,Mutated_in_SCC,24978,0.2289682975199686,122
T04,Fmn2,Mutated_in_SCC,24978,0.8474224313781765,51
T04,Herc2,Mutated_in_SCC,24978,0.23071279430081,121
T04,Hmcn1,Mutated_in_SCC,24978,0.8244765656093556,55
T04,Hras,Mutated_in_SCC,24978,0.1016438311342177,147
T04,Huwe1,Mutated_in_SCC,24978,0.05293778421161444,155
T04,Kdr,Mutated_in_SCC,24978,0.03135191405214587,160
T04,Kmt2c,Mutated_in_SCC,24978,0.2912133678099753,111
T04,Kmt2d,Mutated_in_SCC,24978,1.10767222014371,33
T04,Lama2,Mutated_in_SCC,24978,0.5366383348764875,79
T04,Lama5,Mutated_in_SCC,24978,0.2501099409416714,119
T04,Lrp1,Mutated_in_SCC,24978,0.4447470593704893,88
T04,Lrp1b,Mutated_in_SCC,24978,0.01772081961835623,163
T04,Lrp2,Mutated_in_SCC,24978,0.3621394277856021,105
T04,Macf1,Mutated_in_SCC,24978,0.8674073170688084,49
T04,Magi2,Mutated_in_SCC,24978,1.691423915095119,23
T04,Mdn1,Mutated_in_SCC,24978,0.1096604999577643,146
T04,Mgam,Mutated_in_SCC,24978,0.1387825279743738,141
T04,Mroh2b,Mutated_in_SCC,24978,0.05263303216736182,157
T04,Muc16,Mutated_in_SCC,24978,0.3805555939504782,100
T04,Muc2,Mutated_in_SCC,24978,1.410324667747375,28
T04,Muc3,Mutated_in_SCC,24978,0.7277699886229969,61
T04,Muc4,Mutated_in_SCC,24978,0.1401975007779455,139
T04,Muc5b,Mutated_in_SCC,24978,0.09720435800607632,149
T04,Myh1,Mutated_in_SCC,24978,2.605699407826493,13
T04,Myh2,Mutated_in_SCC,24978,4.510629930456319,4
T04,Myh8,Mutated_in_SCC,24978,0.1665635911238908,133
T04,Nav3,Mutated_in_SCC,24978,1.105579356318812,34
T04,Neb,Mutated_in_SCC,24978,0.7894790125324941,58
T04,Notch1,Mutated_in_SCC,24978,17.53146319516669,2
T04,Notch2,Mutated_in_SCC,24978,6.455143040521739,3
T04,Nsd1,Mutated_in_SCC,24978,0.02537654968834423,162
T04,Obscn,Mutated_in_SCC,24978,0.4964624792869883,83
T04,Oraov1,CNV,24978,0.2219836486487559,124
T04,P3h2,CNV,24978,1.099790025237795,36
T04,Pak7,Mutated_in_SCC,24978,0.2124193423617304,127
T04,Pappa2,Mutated_in_SCC,24978,0.1458652587344206,137
T04,Pcdh11x,Mutated_in_SCC,24978,0.4900755091750048,84
T04,Pcdh15,Mutated_in_SCC,24978,0.9880338460011439,42
T04,Pclo,Mutated_in_SCC,24978,0.09540942424687664,150
T04,Peg3,Mutated_in_SCC,24978,2.154306172743585,18
T04,Pik3ca,Mutated_in_SCC,24978,0.4033033961095711,96
T04,Pik3cg,Mutated_in_SCC,24978,0.2751784272031717,112
T04,Pkhd1,Mutated_in_SCC,24978,0.6736350158422771,65
T04,Pkhd1l1,Mutated_in_SCC,24978,0.7924293163152633,57
T04,Plec,Mutated_in_SCC,24978,0.06779265567872536,154
T04,Ppfia1,CNV,24978,0.2726653050584528,113
T04,Prex2,Mutated_in_SCC,24978,1.843216731237542,21
T04,Prkdc,Mutated_in_SCC,24978,1.124314267717841,32
T04,Ptprd,Mutated_in_SCC,24978,0.8919559059053992,48
T04,Reln,Mutated_in_SCC,24978,0.4153589568630178,93
T04,Ros1,Mutated_in_SCC,24978,2.11814539467637,19
T04,Rp1,Mutated_in_SCC,24978,0.2656143539954852,118
T04,Runx1t1,Mutated_in_SCC,24978,1.104560442391107,35
T04,Ryr1,Mutated_in_SCC,24978,0.1637187960300976,134
T04,Ryr2,Mutated_in_SCC,24978,0.7093523783219571,63
T04,Ryr3,Mutated_in_SCC,24978,3.853524215142381,8
T04,Scn9a,Mutated_in_SCC,24978,0.4657978493738271,86
T04,Shank2,CNV,24978,0.9636749608044072,44
T04,Sis,Mutated_in_SCC,24978,0.2373224162689239,120
T04,Slit2,Mutated_in_SCC,24978,0.1270350727053751,144
T04,Sox2,CNV,24978,2.717931758196227,12
T04,Spag17,Mutated_in_SCC,24978,0.5893679572217131,75
T04,Sphkap,Mutated_in_SCC,24978,0.3723019664866783,102
T04,Spta1,Mutated_in_SCC,24978,0.09161585227252984,152
T04,Syne1,Mutated_in_SCC,24978,0.2167354079194164,125
T04,Syne2,Mutated_in_SCC,24978,0.5068164126577399,82
T04,Tenm1,Mutated_in_SCC,24978,0.2270805838727953,123
T04,Tet1,Mutated_in_SCC,24978,0.5528100556147547,78
T04,Thsd7a,Mutated_in_SCC,24978,0.171273060585771,132
T04,Tnni3k,Mutated_in_SCC,24978,0.1487936071373797,135
T04,Tnxb,Mutated_in_SCC,24978,1.084407551220793,38
T04,Tpcn2,CNV,24978,0.4442052215160913,89
T04,Trp53,Mutated_in_SCC,24978,3.90561046887865,6
T04,Trp63,CNV,24978,0.0,165
T04,Ttn,Mutated_in_SCC,24978,4.505229296164751,5
T04,Unc13c,Mutated_in_SCC,24978,0.3849502642537914,98
T04,Ush2a,Mutated_in_SCC,24978,0.949516229999259,45
T04,Vcan,Mutated_in_SCC,24978,1.204893510725041,30
T04,Vps13b,Mutated_in_SCC,24978,0.5178849966947496,81
T04,Xirp2,Mutated_in_SCC,24978,0.268763674673639,116
T04,Zfhx4,Mutated_in_SCC,24978,1.4795879925864,26
T04,Zfp469,Mutated_in_SCC,24978,0.8184226895577954,56
T04,Zfp78,Mutated_in_SCC,24978,0.990453161316761,41
T04,Zfp804b,Mutated_in_SCC,24978,0.4032762359211126,97
T04,Zfp831,Mutated_in_SCC,24978,0.5354213468249266,80
T04,Zmat3,CNV,24978,0.9696699957507477,43
T04,ctrl_1,Control,24978,3.720666949184495,9
T04,ctrl_10,Control,24978,0.6675782282186916,66
T04,ctrl_11,Control,24978,0.1376937128274305,142
T04,ctrl_12,Control,24978,0.779678712790759,59
T04,ctrl_13,Control,24978,1.059972960930369,39
T04,ctrl_14,Control,24978,0.4635272786492191,87
T04,ctrl_15,Control,24978,0.6152801723271066,71
T04,ctrl_16,Control,24978,0.3824435038094969,99
T04,ctrl_17,Control,24978,0.1913556475182507,128
T04,ctrl_2,Control,24978,2.24344994489835,16
T04,ctrl_3,Control,24978,0.0,165
T04,ctrl_4,Control,24978,0.1481265645160028,136
T04,ctrl_5,Control,24978,0.9964686423865465,40
T04,ctrl_6,Control,24978,0.189188020591615,129
T04,ctrl_7,Control,24978,1.825527967394245,22
T04,ctrl_8,Control,24978,0.8406630525306553,52
T04,ctrl_9,Control,24978,2.605285996554391,14
T05,Abca13,Mutated_in_SCC,18429,0.4101656970324911,149
T05,Adgrb3,Mutated_in_SCC,18429,1.94539896879452,13
T05,Adgrl2,Mutated_in_SCC,18429,1.319864945008933,35
T05,Adgrl3,Mutated_in_SCC,18429,0.8614683930895155,71
T05,Adgrv1,Mutated_in_SCC,18429,0.4342372189534894,147
T05,Aff3,Mutated_in_SCC,18429,1.43148880460669,27
T05,Ahnak,Mutated_in_SCC,18429,1.507985791066005,24
T05,Ahnak2,Mutated_in_SCC,18429,0.5827031961463823,120
T05,Akap9,Mutated_in_SCC,18429,0.6582576020216883,108
T05,Ank2,Mutated_in_SCC,18429,0.9451554596724746,64
T05,Ano1,CNV,18429,0.9476815017747724,63
T05,Apob,Mutated_in_SCC,18429,0.701400408850373,98
T05,Aspm,Mutated_in_SCC,18429,0.5115568678949114,135
T05,Cacna1e,Mutated_in_SCC,18429,0.7991088244736819,83
T05,Casp8,Mutated_in_SCC,18429,0.4471268311058475,141
T05,Ccnd1,CNV,18429,0.8432810461313325,76
T05,Cdh10,Mutated_in_SCC,18429,1.118666503279772,44
T05,Cdh2,Mutated_in_SCC,18429,0.9990651613250562,56
T05,Cdkn2a,Mutated_in_SCC,18429,0.2908315247434781,159
T05,Cdkn2b,CNV,18429,0.444034064059691,144
T05,Cfh,Mutated_in_SCC,18429,4.979675999191731,3
T05,Col11a1,Mutated_in_SCC,18429,0.7680617364288529,89
T05,Col1a2,Mutated_in_SCC,18429,1.32322574720003,34
T05,Col22a1,Mutated_in_SCC,18429,0.8127663873653402,82
T05,Col4a4,Mutated_in_SCC,18429,0.3780995914871611,151
T05,Col6a3,Mutated_in_SCC,18429,0.6975299536623762,99
T05,Col6a5,Mutated_in_SCC,18429,0.6538376954154768,110
T05,Col6a6,Mutated_in_SCC,18429,1.524640689711205,22
T05,Crebbp,Mutated_in_SCC,18429,0.4998180535574756,137
T05,Csmd1,Mutated_in_SCC,18429,0.53444826540839,130
T05,Csmd2,Mutated_in_SCC,18429,0.856758284921477,72
T05,Csmd3,Mutated_in_SCC,18429,1.094520329400082,48
T05,Cttn,CNV,18429,1.063455281821259,49
T05,Cubn,Mutated_in_SCC,18429,0.5480741828853228,125
T05,D630045J12Rik,Mutated_in_SCC,18429,0.6427575044138084,111
T05,Dgkb,Mutated_in_SCC,18429,1.603784451125915,19
T05,Dmd,Mutated_in_SCC,18429,0.5596539610053564,123
T05,Dnah10,Mutated_in_SCC,18429,0.8617090059500433,70
T05,Dnah11,Mutated_in_SCC,18429,0.7785473642674674,88
T05,Dnah17,Mutated_in_SCC,18429,0.5089853058048679,136
T05,Dnah3,Mutated_in_SCC,18429,0.8298859260376725,79
T05,Dnah5,Mutated_in_SCC,18429,1.007013592867356,55
T05,Dnah6,Mutated_in_SCC,18429,0.4156637751591215,148
T05,Dnah7a,Mutated_in_SCC,18429,0.6214226235560609,114
T05,Dnah8,Mutated_in_SCC,18429,0.6968369078324984,100
T05,Dnah9,Mutated_in_SCC,18429,0.7484302794093541,91
T05,Dscam,Mutated_in_SCC,18429,1.955826509005393,12
T05,Dst,Mutated_in_SCC,18429,0.6189092929931469,115
T05,Ep300,Mutated_in_SCC,18429,2.255693715523824,9
T05,Epha5,Mutated_in_SCC,18429,1.062912028777242,50
T05,Epha7,Mutated_in_SCC,18429,1.151220001616049,42
T05,Erbb4,Mutated_in_SCC,18429,0.5697208470279003,121
T05,Erich3,Mutated_in_SCC,18429,1.171137651009114,41
T05,Fadd,CNV,18429,1.107797049297063,45
T05,Fam135b,Mutated_in_SCC,18429,0.919882867623431,66
T05,Fat1,Mutated_in_SCC,18429,9.96276477931622,2
T05,Fat2,Mutated_in_SCC,18429,0.4446804428040405,142
T05,Fat3,Mutated_in_SCC,18429,1.738992712415546,18
T05,Fat4,Mutated_in_SCC,18429,0.6653837748869401,106
T05,Fbxw7,Mutated_in_SCC,18429,0.7219263075075516,96
T05,Fgf15,CNV,18429,1.431084789696501,28
T05,Fgf3,CNV,18429,0.5915540737089687,119
T05,Fgf4,CNV,18429,0.5254466586389098,131
T05,Flg,Mutated_in_SCC,18429,0.3377898322030661,157
T05,Fmn2,Mutated_in_SCC,18429,0.4446482637680701,143
T05,Herc2,Mutated_in_SCC,18429,0.60119906856895,116
T05,Hmcn1,Mutated_in_SCC,18429,1.917545971969104,14
T05,Hras,Mutated_in_SCC,18429,0.7389734230884907,94
T05,Huwe1,Mutated_in_SCC,18429,0.1487386216837734,163
T05,Kdr,Mutated_in_SCC,18429,1.095476528980992,47
T05,Kmt2c,Mutated_in_SCC,18429,0.9545682591002047,62
T05,Kmt2d,Mutated_in_SCC,18429,0.594792759477257,117
T05,Lama2,Mutated_in_SCC,18429,1.103144618164709,46
T05,Lama5,Mutated_in_SCC,18429,0.3625665785567837,154
T05,Lrp1,Mutated_in_SCC,18429,0.4424479522409309,145
T05,Lrp1b,Mutated_in_SCC,18429,0.7813371884078074,87
T05,Lrp2,Mutated_in_SCC,18429,0.9791189247483875,60
T05,Macf1,Mutated_in_SCC,18429,1.292513440855378,36
T05,Magi2,Mutated_in_SCC,18429,1.119056655909049,43
T05,Mdn1,Mutated_in_SCC,18429,0.06819075640423318,167
T05,Mgam,Mutated_in_SCC,18429,0.3764553201156569,152
T05,Mroh2b,Mutated_in_SCC,18429,2.639823800890164,7
T05,Muc16,Mutated_in_SCC,18429,0.594456842910688,118
T05,Muc2,Mutated_in_SCC,18429,0.7436082629510711,92
T05,Muc3,Mutated_in_SCC,18429,0.4639841218734179,139
T05,Muc4,Mutated_in_SCC,18429,0.9055451010216621,67
T05,Muc5b,Mutated_in_SCC,18429,1.353689316911107,33
T05,Myh1,Mutated_in_SCC,18429,0.9874615689394943,59
T05,Myh2,Mutated_in_SCC,18429,1.398779724199577,30
T05,Myh8,Mutated_in_SCC,18429,0.6728101623769642,105
T05,Nav3,Mutated_in_SCC,18429,1.220844851785805,39
T05,Neb,Mutated_in_SCC,18429,0.7946007696274574,86
T05,Notch1,Mutated_in_SCC,18429,21.07636027673889,1
T05,Notch2,Mutated_in_SCC,18429,3.568824801255107,4
T05,Nsd1,Mutated_in_SCC,18429,0.1390378729156735,165
T05,Obscn,Mutated_in_SCC,18429,0.8249193009388706,80
T05,Oraov1,CNV,18429,0.147680499498491,164
T05,P3h2,CNV,18429,1.28217005484525,37
T05,Pak7,Mutated_in_SCC,18429,0.6886096160209653,102
T05,Pappa2,Mutated_in_SCC,18429,0.8373441499249348,77
T05,Pcdh11x,Mutated_in_SCC,18429,1.454596481247953,25
T05,Pcdh15,Mutated_in_SCC,18429,1.555468003091197,21
T05,Pclo,Mutated_in_SCC,18429,0.1362352413770048,166
T05,Peg3,Mutated_in_SCC,18429,0.4367398816785462,146
T05,Pik3ca,Mutated_in_SCC,18429,0.3661619220441543,153
T05,Pik3cg,Mutated_in_SCC,18429,0.538536461947545,127
T05,Pkhd1,Mutated_in_SCC,18429,0.7076908104874333,97
T05,Pkhd1l1,Mutated_in_SCC,18429,1.84144703520573,16
T05,Plec,Mutated_in_SCC,18429,0.4702064322968819,138
T05,Ppfia1,CNV,18429,0.2743038432747422,161
T05,Prex2,Mutated_in_SCC,18429,0.9421753910877362,65
T05,Prkdc,Mutated_in_SCC,18429,0.8365922756930915,78
T05,Ptprd,Mutated_in_SCC,18429,0.3892628803217521,150
T05,Reln,Mutated_in_SCC,18429,0.283745766859784,160
T05,Ros1,Mutated_in_SCC,18429,0.9950387634184207,58
T05,Rp1,Mutated_in_SCC,18429,1.402771504771454,29
T05,Runx1t1,Mutated_in_SCC,18429,0.6594297596799611,107
T05,Ryr1,Mutated_in_SCC,18429,0.7980152041249694,84
T05,Ryr2,Mutated_in_SCC,18429,0.5607546515594066,122
T05,Ryr3,Mutated_in_SCC,18429,1.916759938131537,15
T05,Scn9a,Mutated_in_SCC,18429,0.3612877693641058,155
T05,Shank2,CNV,18429,0.5358603337798771,128
T05,Sis,Mutated_in_SCC,18429,0.687080991219021,103
T05,Slit2,Mutated_in_SCC,18429,1.171864798298694,40
T05,Sox2,CNV,18429,0.5182256268512564,133
T05,Spag17,Mutated_in_SCC,18429,2.173304806397762,10
T05,Sphkap,Mutated_in_SCC,18429,0.4632854174280577,140
T05,Spta1,Mutated_in_SCC,18429,2.985283324545209,6
T05,Syne1,Mutated_in_SCC,18429,0.5181589355781353,134
T05,Syne2,Mutated_in_SCC,18429,0.6945151080271206,101
T05,Tenm1,Mutated_in_SCC,18429,0.5345061276082221,129
T05,Tet1,Mutated_in_SCC,18429,0.7495734792359692,90
T05,Thsd7a,Mutated_in_SCC,18429,0.7393949013104294,93
T05,Tnni3k,Mutated_in_SCC,18429,0.8445851172715848,75
T05,Tnxb,Mutated_in_SCC,18429,0.3410212931499645,156
T05,Tpcn2,CNV,18429,0.9978090179717729,57
T05,Trp53,Mutated_in_SCC,18429,3.066714454313538,5
T05,Trp63,CNV,18429,0.1995566875931147,162
T05,Ttn,Mutated_in_SCC,18429,0.6339392226866958,113
T05,Unc13c,Mutated_in_SCC,18429,1.060766889034388,51
T05,Ush2a,Mutated_in_SCC,18429,1.059318612533882,52
T05,Vcan,Mutated_in_SCC,18429,0.9678499209762281,61
T05,Vps13b,Mutated_in_SCC,18429,0.5206661012777116,132
T05,Xirp2,Mutated_in_SCC,18429,1.36589297536575,32
T05,Zfhx4,Mutated_in_SCC,18429,1.739452778239865,17
T05,Zfp469,Mutated_in_SCC,18429,1.048785265658022,53
T05,Zfp78,Mutated_in_SCC,18429,1.384277457874277,31
T05,Zfp804b,Mutated_in_SCC,18429,0.8992078865180624,69
T05,Zfp831,Mutated_in_SCC,18429,1.443457748663669,26
T05,Zmat3,CNV,18429,0.3328811164231223,158
T05,ctrl_1,Control,18429,2.540885428855931,8
T05,ctrl_10,Control,18429,0.5429512851251381,126
T05,ctrl_11,Control,18429,2.000093593669782,11
T05,ctrl_12,Control,18429,0.6566642216939174,109
T05,ctrl_13,Control,18429,0.7366954569117325,95
T05,ctrl_14,Control,18429,1.009433440608057,54
T05,ctrl_15,Control,18429,0.856694490869537,73
T05,ctrl_16,Control,18429,1.279106599562877,38
T05,ctrl_17,Control,18429,1.523257813709235,23
T05,ctrl_2,Control,18429,0.904033091298081,68
T05,ctrl_3,Control,18429,0.6808597341649419,104
T05,ctrl_4,Control,18429,0.7979291449002643,85
T05,ctrl_5,Control,18429,0.8223649658781996,81
T05,ctrl_6,Control,18429,0.6392791435663138,112
T05,ctrl_7,Control,18429,1.578077663083074,20
T05,ctrl_8,Control,18429,0.8474413477403272,74
T05,ctrl_9,Control,18429,0.5492291728928408,124
T06,Abca13,Mutated_in_SCC,30809,1.091623963112055,57
T06,Adgrb3,Mutated_in_SCC,30809,0.4747946619273855,140
T06,Adgrl2,Mutated_in_SCC,30809,0.343240280752271,155
T06,Adgrl3,Mutated_in_SCC,30809,0.6633587140949843,109
T06,Adgrv1,Mutated_in_SCC,30809,0.852890701260812,85
T06,Aff3,Mutated_in_SCC,30809,1.041056135465875,62
T06,Ahnak,Mutated_in_SCC,30809,0.7304402075283227,97
T06,Ahnak2,Mutated_in_SCC,30809,0.3978728186649546,151
T06,Akap9,Mutated_in_SCC,30809,1.383562386266545,36
T06,Ank2,Mutated_in_SCC,30809,1.287325564847598,42
T06,Ano1,CNV,30809,0.6220530155418518,119
T06,Apob,Mutated_in_SCC,30809,0.7936544507140355,93
T06,Aspm,Mutated_in_SCC,30809,0.689144572223019,103
T06,Cacna1e,Mutated_in_SCC,30809,0.3783064073049671,152
T06,Casp8,Mutated_in_SCC,30809,0.2140603173789177,163
T06,Ccnd1,CNV,30809,1.491057169452539,32
T06,Cdh10,Mutated_in_SCC,30809,2.445020884827395,12
T06,Cdh2,Mutated_in_SCC,30809,0.4433772264166225,146
T06,Cdkn2a,Mutated_in_SCC,30809,0.7364387100258805,96
T06,Cdkn2b,CNV,30809,0.4451724337605125,145
T06,Cfh,Mutated_in_SCC,30809,1.633371671673724,29
T06,Col11a1,Mutated_in_SCC,30809,0.8762683629898105,82
T06,Col1a2,Mutated_in_SCC,30809,0.7181281188304043,98
T06,Col22a1,Mutated_in_SCC,30809,2.496090294231787,11
T06,Col4a4,Mutated_in_SCC,30809,1.540360035368579,30
T06,Col6a3,Mutated_in_SCC,30809,0.7109156691352178,100
T06,Col6a5,Mutated_in_SCC,30809,0.9364242039939498,75
T06,Col6a6,Mutated_in_SCC,30809,1.067846637222507,59
T06,Crebbp,Mutated_in_SCC,30809,1.016965974850722,66
T06,Csmd1,Mutated_in_SCC,30809,0.799103425220948,92
T06,Csmd2,Mutated_in_SCC,30809,0.7690845687317432,95
T06,Csmd3,Mutated_in_SCC,30809,0.6871352377157867,104
T06,Cttn,CNV,30809,0.6798198847328618,105
T06,Cubn,Mutated_in_SCC,30809,1.293577430312165,39
T06,D630045J12Rik,Mutated_in_SCC,30809,0.6041769645859961,122
T06,Dgkb,Mutated_in_SCC,30809,1.291507746320371,41
T06,Dmd,Mutated_in_SCC,30809,0.9064532889019569,80
T06,Dnah10,Mutated_in_SCC,30809,0.5986585204141126,123
T06,Dnah11,Mutated_in_SCC,30809,0.3591955651894677,154
T06,Dnah17,Mutated_in_SCC,30809,0.5821357969022375,124
T06,Dnah3,Mutated_in_SCC,30809,0.6516000852697985,113
T06,Dnah5,Mutated_in_SCC,30809,0.6302391560528111,118
T06,Dnah6,Mutated_in_SCC,30809,0.6198884603230292,120
T06,Dnah7a,Mutated_in_SCC,30809,0.5080047841314757,134
T06,Dnah8,Mutated_in_SCC,30809,0.3747282896442167,153
T06,Dnah9,Mutated_in_SCC,30809,1.065960685562423,60
T06,Dscam,Mutated_in_SCC,30809,1.432229772003351,35
T06,Dst,Mutated_in_SCC,30809,0.9789326899931393,70
T06,Ep300,Mutated_in_SCC,30809,0.4996253346495634,136
T06,Epha5,Mutated_in_SCC,30809,0.8545667420703144,84
T06,Epha7,Mutated_in_SCC,30809,0.9262399010546378,76
T06,Erbb4,Mutated_in_SCC,30809,0.4327921437586209,148
T06,Erich3,Mutated_in_SCC,30809,2.38378502012154,14
T06,Fadd,CNV,30809,0.2875855482372368,159
T06,Fam135b,Mutated_in_SCC,30809,0.941380490965217,74
T06,Fat1,Mutated_in_SCC,30809,5.709807159234635,2
T06,Fat2,Mutated_in_SCC,30809,0.8765884249819403,81
T06,Fat3,Mutated_in_SCC,30809,1.192714241937941,49
T06,Fat4,Mutated_in_SCC,30809,0.5458744938529959,131
T06,Fbxw7,Mutated_in_SCC,30809,0.1205999997197547,165
T06,Fgf15,CNV,30809,2.242206792345927,18
T06,Fgf3,CNV,30809,0.2609190758232435,160
T06,Fgf4,CNV,30809,0.3288279248637461,157
T06,Flg,Mutated_in_SCC,30809,0.6528365650177266,112
T06,Fmn2,Mutated_in_SCC,30809,1.019712807347492,65
T06,Herc2,Mutated_in_SCC,30809,1.166720960058535,50
T06,Hmcn1,Mutated_in_SCC,30809,3.396702032189685,7
T06,Hras,Mutated_in_SCC,30809,0.8600876035140832,83
T06,Huwe1,Mutated_in_SCC,30809,0.2568469270490628,161
T06,Kdr,Mutated_in_SCC,30809,0.5721025044282181,125
T06,Kmt2c,Mutated_in_SCC,30809,0.8489418711721691,87
T06,Kmt2d,Mutated_in_SCC,30809,0.968076278911373,72
T06,Lama2,Mutated_in_SCC,30809,0.5090998312076158,133
T06,Lama5,Mutated_in_SCC,30809,1.005493315609253,68
T06,Lrp1,Mutated_in_SCC,30809,0.6767578893319252,107
T06,Lrp1b,Mutated_in_SCC,30809,1.204578198669605,45
T06,Lrp2,Mutated_in_SCC,30809,0.9221845837537549,77
T06,Macf1,Mutated_in_SCC,30809,0.8400205227187921,88
T06,Magi2,Mutated_in_SCC,30809,1.444484442635805,34
T06,Mdn1,Mutated_in_SCC,30809,0.08608668458556779,166
T06,Mgam,Mutated_in_SCC,30809,1.193457139803597,48
T06,Mroh2b,Mutated_in_SCC,30809,3.103095541943047,8
T06,Muc16,Mutated_in_SCC,30809,1.110704121187835,54
T06,Muc2,Mutated_in_SCC,30809,1.148156054908929,51
T06,Muc3,Mutated_in_SCC,30809,0.4966182297211898,137
T06,Muc4,Mutated_in_SCC,30809,3.609175883972454,6
T06,Muc5b,Mutated_in_SCC,30809,0.6580828022084535,110
T06,Myh1,Mutated_in_SCC,30809,1.197683764217046,46
T06,Myh2,Mutated_in_SCC,30809,1.918016472930759,22
T06,Myh8,Mutated_in_SCC,30809,0.9116231634439302,79
T06,Nav3,Mutated_in_SCC,30809,1.118686137537675,53
T06,Neb,Mutated_in_SCC,30809,0.2001825651433508,164
T06,Notch1,Mutated_in_SCC,30809,14.24925959748584,1
T06,Notch2,Mutated_in_SCC,30809,1.87429507688305,23
T06,Nsd1,Mutated_in_SCC,30809,1.040172790545817,63
T06,Obscn,Mutated_in_SCC,30809,1.490881072323805,33
T06,Oraov1,CNV,30809,0.5661808521759093,127
T06,P3h2,CNV,30809,0.8095554329187088,90
T06,Pak7,Mutated_in_SCC,30809,0.4816849401989239,139
T06,Pappa2,Mutated_in_SCC,30809,0.4707915959201302,141
T06,Pcdh11x,Mutated_in_SCC,30809,2.280543892466703,17
T06,Pcdh15,Mutated_in_SCC,30809,1.282889939313069,43
T06,Pclo,Mutated_in_SCC,30809,0.4400124547470043,147
T06,Peg3,Mutated_in_SCC,30809,1.103214690638473,56
T06,Pik3ca,Mutated_in_SCC,30809,0.4616656540987145,143
T06,Pik3cg,Mutated_in_SCC,30809,0.5652442655607656,128
T06,Pkhd1,Mutated_in_SCC,30809,2.571453068017057,10
T06,Pkhd1l1,Mutated_in_SCC,30809,2.335007495838294,16
T06,Plec,Mutated_in_SCC,30809,0.503372557987039,135
T06,Ppfia1,CNV,30809,0.2494411882031239,162
T06,Prex2,Mutated_in_SCC,30809,1.110245275174752,55
T06,Prkdc,Mutated_in_SCC,30809,0.4914689755504086,138
T06,Ptprd,Mutated_in_SCC,30809,0.3179033145246208,158
T06,Reln,Mutated_in_SCC,30809,0.6903849409191922,102
T06,Ros1,Mutated_in_SCC,30809,2.043008670481388,19
T06,Rp1,Mutated_in_SCC,30809,0.7854661179426862,94
T06,Runx1t1,Mutated_in_SCC,30809,1.266878246989717,44
T06,Ryr1,Mutated_in_SCC,30809,1.293490536019401,40
T06,Ryr2,Mutated_in_SCC,30809,0.7128287198611817,99
T06,Ryr3,Mutated_in_SCC,30809,3.914992714939357,4
T06,Scn9a,Mutated_in_SCC,30809,0.4320065094377127,149
T06,Shank2,CNV,30809,0.6535162110229916,111
T06,Sis,Mutated_in_SCC,30809,0.6771185538684957,106
T06,Slit2,Mutated_in_SCC,30809,0.8345888347786218,89
T06,Sox2,CNV,30809,0.6359347386082823,117
T06,Spag17,Mutated_in_SCC,30809,2.385588966816621,13
T06,Sphkap,Mutated_in_SCC,30809,0.3984915461600568,150
T06,Spta1,Mutated_in_SCC,30809,2.368781353971105,15
T06,Syne1,Mutated_in_SCC,30809,0.9968354742178649,69
T06,Syne2,Mutated_in_SCC,30809,0.80062862470194,91
T06,Tenm1,Mutated_in_SCC,30809,0.5683988129070779,126
T06,Tet1,Mutated_in_SCC,30809,1.847209038133737,24
T06,Thsd7a,Mutated_in_SCC,30809,0.6504820524915974,114
T06,Tnni3k,Mutated_in_SCC,30809,1.025448944704943,64
T06,Tnxb,Mutated_in_SCC,30809,0.3318476050138541,156
T06,Tpcn2,CNV,30809,0.913007410210608,78
T06,Trp53,Mutated_in_SCC,30809,3.783452943278909,5
T06,Trp63,CNV,30809,0.04702423558329873,167
T06,Ttn,Mutated_in_SCC,30809,0.9641981628738983,73
T06,Unc13c,Mutated_in_SCC,30809,1.383509547997677,37
T06,Ush2a,Mutated_in_SCC,30809,1.953838751600317,21
T06,Vcan,Mutated_in_SCC,30809,1.785460914971939,26
T06,Vps13b,Mutated_in_SCC,30809,5.491617253049218,3
T06,Xirp2,Mutated_in_SCC,30809,1.49175840331444,31
T06,Zfhx4,Mutated_in_SCC,30809,0.549208579174023,130
T06,Zfp469,Mutated_in_SCC,30809,1.119166858150817,52
T06,Zfp78,Mutated_in_SCC,30809,2.69740502280951,9
T06,Zfp804b,Mutated_in_SCC,30809,2.038967058867792,20
T06,Zfp831,Mutated_in_SCC,30809,1.196894792131493,47
T06,Zmat3,CNV,30809,0.6414166074746761,115
T06,ctrl_1,Control,30809,1.051384949484087,61
T06,ctrl_10,Control,30809,0.6394552031552613,116
T06,ctrl_11,Control,30809,0.5180889881036677,132
T06,ctrl_12,Control,30809,1.01089567351656,67
T06,ctrl_13,Control,30809,1.755786473386961,27
T06,ctrl_14,Control,30809,0.8506722999238471,86
T06,ctrl_15,Control,30809,0.970154199513759,71
T06,ctrl_16,Control,30809,1.828911900192375,25
T06,ctrl_17,Control,30809,1.739080717812146,28
T06,ctrl_2,Control,30809,0.4621201252648948,142
T06,ctrl_3,Control,30809,1.339914631599735,38
T06,ctrl_4,Control,30809,1.080227126486746,58
T06,ctrl_5,Control,30809,0.6764225465264835,108
T06,ctrl_6,Control,30809,0.7081975357678826,101
T06,ctrl_7,Control,30809,0.4546105886841447,144
T06,ctrl_8,Control,30809,0.5634095836237887,129
T06,ctrl_9,Control,30809,0.6105262560145529,121
T07,Abca13,Mutated_in_SCC,31229,1.478075380888376,33
T07,Adgrb3,Mutated_in_SCC,31229,0.5574245956742944,123
T07,Adgrl2,Mutated_in_SCC,31229,0.3508162838344265,152
T07,Adgrl3,Mutated_in_SCC,31229,1.425729618279956,35
T07,Adgrv1,Mutated_in_SCC,31229,0.5235408142016157,130
T07,Aff3,Mutated_in_SCC,31229,1.31187737262051,40
T07,Ahnak,Mutated_in_SCC,31229,2.624613622012679,7
T07,Ahnak2,Mutated_in_SCC,31229,0.9284115269553161,77
T07,Akap9,Mutated_in_SCC,31229,1.048773155544475,60
T07,Ank2,Mutated_in_SCC,31229,0.8915744448054452,80
T07,Ano1,CNV,31229,1.062012818397485,59
T07,Apob,Mutated_in_SCC,31229,0.614170594198557,116
T07,Aspm,Mutated_in_SCC,31229,0.3108390739307573,156
T07,Cacna1e,Mutated_in_SCC,31229,0.5474328987224093,126
T07,Casp8,Mutated_in_SCC,31229,0.6393842661368605,111
T07,Ccnd1,CNV,31229,0.2885629357056551,158
T07,Cdh10,Mutated_in_SCC,31229,1.518108677168103,30
T07,Cdh2,Mutated_in_SCC,31229,0.7780013790782213,91
T07,Cdkn2a,Mutated_in_SCC,31229,0.4368291135348685,144
T07,Cdkn2b,CNV,31229,0.6756724353919298,107
T07,Cfh,Mutated_in_SCC,31229,0.4548706064661117,142
T07,Col11a1,Mutated_in_SCC,31229,1.134842747131516,48
T07,Col1a2,Mutated_in_SCC,31229,1.288704845109336,41
T07,Col22a1,Mutated_in_SCC,31229,0.752013708225528,99
T07,Col4a4,Mutated_in_SCC,31229,0.2796560877969378,160
T07,Col6a3,Mutated_in_SCC,31229,0.5647298424634393,121
T07,Col6a5,Mutated_in_SCC,31229,0.4943568586934379,133
T07,Col6a6,Mutated_in_SCC,31229,0.8318953469490794,88
T07,Crebbp,Mutated_in_SCC,31229,0.9834353240760814,69
T07,Csmd1,Mutated_in_SCC,31229,0.4324339032996396,145
T07,Csmd2,Mutated_in_SCC,31229,1.065816231788388,56
T07,Csmd3,Mutated_in_SCC,31229,1.173716011586168,45
T07,Cttn,CNV,31229,0.3841500190716064,149
T07,Cubn,Mutated_in_SCC,31229,1.13636128495338,47
T07,D630045J12Rik,Mutated_in_SCC,31229,0.9369209898103694,76
T07,Dgkb,Mutated_in_SCC,31229,0.5436537644540325,127
T07,Dmd,Mutated_in_SCC,31229,1.32709682527563,39
T07,Dnah10,Mutated_in_SCC,31229,0.8667230312502862,83
T07,Dnah11,Mutated_in_SCC,31229,2.368991301543762,10
T07,Dnah17,Mutated_in_SCC,31229,0.9204450222978096,78
T07,Dnah3,Mutated_in_SCC,31229,0.7385078578816536,100
T07,Dnah5,Mutated_in_SCC,31229,2.143338191269511,14
T07,Dnah6,Mutated_in_SCC,31229,1.634297018517344,25
T07,Dnah7a,Mutated_in_SCC,31229,0.5943154173298351,117
T07,Dnah8,Mutated_in_SCC,31229,1.030256461511152,64
T07,Dnah9,Mutated_in_SCC,31229,1.047212993947143,61
T07,Dscam,Mutated_in_SCC,31229,1.013243846179127,65
T07,Dst,Mutated_in_SCC,31229,0.4592890579620834,140
T07,Ep300,Mutated_in_SCC,31229,0.8577116187670852,86
T07,Epha5,Mutated_in_SCC,31229,1.114895629725969,53
T07,Epha7,Mutated_in_SCC,31229,0.4588267633069045,141
T07,Erbb4,Mutated_in_SCC,31229,0.5279092512416699,128
T07,Erich3,Mutated_in_SCC,31229,1.089162984447422,55
T07,Fadd,CNV,31229,0.4638649371844978,136
T07,Fam135b,Mutated_in_SCC,31229,0.8037975627588213,90
T07,Fat1,Mutated_in_SCC,31229,6.070671818020054,2
T07,Fat2,Mutated_in_SCC,31229,0.6295758908332414,115
T07,Fat3,Mutated_in_SCC,31229,1.26898843623274,42
T07,Fat4,Mutated_in_SCC,31229,0.8423945710036327,87
T07,Fbxw7,Mutated_in_SCC,31229,0.8906239882016687,81
T07,Fgf15,CNV,31229,1.034777974021748,63
T07,Fgf3,CNV,31229,0.7743766114911541,92
T07,Fgf4,CNV,31229,1.851713706135586,22
T07,Flg,Mutated_in_SCC,31229,0.2222833337945329,162
T07,Fmn2,Mutated_in_SCC,31229,0.636030900588945,112
T07,Herc2,Mutated_in_SCC,31229,0.6840432534663944,106
T07,Hmcn1,Mutated_in_SCC,31229,0.7245290293208153,102
T07,Hras,Mutated_in_SCC,31229,0.6747182701424128,108
T07,Huwe1,Mutated_in_SCC,31229,0.2113418868032979,163
T07,Kdr,Mutated_in_SCC,31229,0.7264194033695605,101
T07,Kmt2c,Mutated_in_SCC,31229,0.5272598538051716,129
T07,Kmt2d,Mutated_in_SCC,31229,2.331989555405063,11
T07,Lama2,Mutated_in_SCC,31229,1.391408115183439,36
T07,Lama5,Mutated_in_SCC,31229,0.8849154261457496,82
T07,Lrp1,Mutated_in_SCC,31229,0.9445421395577465,74
T07,Lrp1b,Mutated_in_SCC,31229,0.9685443030213725,71
T07,Lrp2,Mutated_in_SCC,31229,1.578873277585247,27
T07,Macf1,Mutated_in_SCC,31229,0.5561472452165961,124
T07,Magi2,Mutated_in_SCC,31229,1.867264842846182,21
T07,Mdn1,Mutated_in_SCC,31229,0.1741147697660338,164
T07,Mgam,Mutated_in_SCC,31229,1.21591430518409,43
T07,Mroh2b,Mutated_in_SCC,31229,1.103946460396054,54
T07,Muc16,Mutated_in_SCC,31229,0.3807475535396024,150
T07,Muc2,Mutated_in_SCC,31229,1.127108188464186,49
T07,Muc3,Mutated_in_SCC,31229,0.6976228001548015,104
T07,Muc4,Mutated_in_SCC,31229,1.968455244655063,19
T07,Muc5b,Mutated_in_SCC,31229,0.5188675687781471,131
T07,Myh1,Mutated_in_SCC,31229,0.9562700560155328,73
T07,Myh2,Mutated_in_SCC,31229,2.102856280238822,15
T07,Myh8,Mutated_in_SCC,31229,1.649059073040975,24
T07,Nav3,Mutated_in_SCC,31229,2.299633879658092,12
T07,Neb,Mutated_in_SCC,31229,0.5481040779588795,125
T07,Notch1,Mutated_in_SCC,31229,16.56293901057615,1
T07,Notch2,Mutated_in_SCC,31229,1.504606464567399,31
T07,Nsd1,Mutated_in_SCC,31229,0.5749920516644769,119
T07,Obscn,Mutated_in_SCC,31229,0.3390583933986884,154
T07,Oraov1,CNV,31229,0.07449225899521024,166
T07,P3h2,CNV,31229,3.754407769708457,5
T07,Pak7,Mutated_in_SCC,31229,0.3409734113042904,153
T07,Pappa2,Mutated_in_SCC,31229,1.039132770134128,62
T07,Pcdh11x,Mutated_in_SCC,31229,1.892940406115436,20
T07,Pcdh15,Mutated_in_SCC,31229,2.437662741689907,8
T07,Pclo,Mutated_in_SCC,31229,0.6345564759211623,114
T07,Peg3,Mutated_in_SCC,31229,0.863719699883247,84
T07,Pik3ca,Mutated_in_SCC,31229,0.1698562259384165,165
T07,Pik3cg,Mutated_in_SCC,31229,0.4618751786426016,139
T07,Pkhd1,Mutated_in_SCC,31229,2.038343110804303,17
T07,Pkhd1l1,Mutated_in_SCC,31229,0.5802071403564527,118
T07,Plec,Mutated_in_SCC,31229,0.2280828040307595,161
T07,Ppfia1,CNV,31229,0.3631392312888094,151
T07,Prex2,Mutated_in_SCC,31229,2.148281453843178,13
T07,Prkdc,Mutated_in_SCC,31229,0.2823125653800993,159
T07,Ptprd,Mutated_in_SCC,31229,0.3279989607252999,155
T07,Reln,Mutated_in_SCC,31229,0.942696564541362,75
T07,Ros1,Mutated_in_SCC,31229,1.063033406433182,57
T07,Rp1,Mutated_in_SCC,31229,0.3941824227597274,146
T07,Runx1t1,Mutated_in_SCC,31229,1.118936840672538,51
T07,Ryr1,Mutated_in_SCC,31229,0.4923807110293736,134
T07,Ryr2,Mutated_in_SCC,31229,0.2898898223539332,157
T07,Ryr3,Mutated_in_SCC,31229,2.031050645941646,18
T07,Scn9a,Mutated_in_SCC,31229,1.540721481414354,29
T07,Shank2,CNV,31229,0.752213685029198,98
T07,Sis,Mutated_in_SCC,31229,0.5596320015231319,122
T07,Slit2,Mutated_in_SCC,31229,0.3875708319636199,148
T07,Sox2,CNV,31229,0.4632889095747241,137
T07,Spag17,Mutated_in_SCC,31229,2.682464028913627,6
T07,Sphkap,Mutated_in_SCC,31229,0.6689208902775778,109
T07,Spta1,Mutated_in_SCC,31229,1.682032133714712,23
T07,Syne1,Mutated_in_SCC,31229,0.4474969579706302,143
T07,Syne2,Mutated_in_SCC,31229,0.4871638464662603,135
T07,Tenm1,Mutated_in_SCC,31229,0.6519871200810387,110
T07,Tet1,Mutated_in_SCC,31229,1.169364725745823,46
T07,Thsd7a,Mutated_in_SCC,31229,0.5159085795938619,132
T07,Tnni3k,Mutated_in_SCC,31229,0.3885649539239133,147
T07,Tnxb,Mutated_in_SCC,31229,0.7674612648257643,94
T07,Tpcn2,CNV,31229,0.6359353259651247,113
T07,Trp53,Mutated_in_SCC,31229,4.305147566188546,4
T07,Trp63,CNV,31229,0.04490420918047994,167
T07,Ttn,Mutated_in_SCC,31229,0.9565249151713432,72
T07,Unc13c,Mutated_in_SCC,31229,1.007527333381291,66
T07,Ush2a,Mutated_in_SCC,31229,4.898225282437507,3
T07,Vcan,Mutated_in_SCC,31229,0.5745860876489145,120
T07,Vps13b,Mutated_in_SCC,31229,0.7641711146415682,95
T07,Xirp2,Mutated_in_SCC,31229,2.097210434317697,16
T07,Zfhx4,Mutated_in_SCC,31229,0.8299933792905468,89
T07,Zfp469,Mutated_in_SCC,31229,0.9953229221658582,68
T07,Zfp78,Mutated_in_SCC,31229,1.115721816788548,52
T07,Zfp804b,Mutated_in_SCC,31229,1.382803230668636,37
T07,Zfp831,Mutated_in_SCC,31229,0.7207209850653928,103
T07,Zmat3,CNV,31229,0.9815073712394514,70
T07,ctrl_1,Control,31229,2.429637717423803,9
T07,ctrl_10,Control,31229,0.4623418741634207,138
T07,ctrl_11,Control,31229,1.621834219250475,26
T07,ctrl_12,Control,31229,0.7709335034300253,93
T07,ctrl_13,Control,31229,1.209264144424709,44
T07,ctrl_14,Control,31229,1.467624869235379,34
T07,ctrl_15,Control,31229,0.9005817522580686,79
T07,ctrl_16,Control,31229,1.357911772817409,38
T07,ctrl_17,Control,31229,1.481131494842421,32
T07,ctrl_2,Control,31229,0.7584997262719626,97
T07,ctrl_3,Control,31229,0.6843094315264762,105
T07,ctrl_4,Control,31229,1.062312107762015,58
T07,ctrl_5,Control,31229,0.8607185129751268,85
T07,ctrl_6,Control,31229,1.549077642890317,28
T07,ctrl_7,Control,31229,0.9969990705669532,67
T07,ctrl_8,Control,31229,1.122170652127592,50
T07,ctrl_9,Control,31229,0.7638692772790026,96
T08,Abca13,Mutated_in_SCC,33044,1.100152428571151,60
T08,Adgrb3,Mutated_in_SCC,33044,0.949684641494629,70
T08,Adgrl2,Mutated_in_SCC,33044,1.616178500678825,25
T08,Adgrl3,Mutated_in_SCC,33044,1.039973490053115,64
T08,Adgrv1,Mutated_in_SCC,33044,1.470606236064382,31
T08,Aff3,Mutated_in_SCC,33044,1.031634958127509,66
T08,Ahnak,Mutated_in_SCC,33044,1.678436368174245,24
T08,Ahnak2,Mutated_in_SCC,33044,0.6245544901783677,109
T08,Akap9,Mutated_in_SCC,33044,2.232355260106715,11
T08,Ank2,Mutated_in_SCC,33044,0.7202576840528004,97
T08,Ano1,CNV,33044,0.1783271235714103,162
T08,Apob,Mutated_in_SCC,33044,1.429647267904771,35
T08,Aspm,Mutated_in_SCC,33044,1.310601080646918,41
T08,Cacna1e,Mutated_in_SCC,33044,1.037236516340867,65
T08,Casp8,Mutated_in_SCC,33044,0.1893866162580569,160
T08,Ccnd1,CNV,33044,0.5709972029448852,116
T08,Cdh10,Mutated_in_SCC,33044,1.869270594433267,17
T08,Cdh2,Mutated_in_SCC,33044,0.8404707533479295,86
T08,Cdkn2a,Mutated_in_SCC,33044,0.4157046653418884,136
T08,Cdkn2b,CNV,33044,0.3800661862887479,140
T08,Cfh,Mutated_in_SCC,33044,1.145863003440562,54
T08,Col11a1,Mutated_in_SCC,33044,0.5976114278662781,111
T08,Col1a2,Mutated_in_SCC,33044,0.4673726940558058,128
T08,Col22a1,Mutated_in_SCC,33044,0.5023885610451092,120
T08,Col4a4,Mutated_in_SCC,33044,0.5869283103060529,113
T08,Col6a3,Mutated_in_SCC,33044,0.860382922211375,84
T08,Col6a5,Mutated_in_SCC,33044,0.8474617168705076,85
T08,Col6a6,Mutated_in_SCC,33044,0.4492609070577108,132
T08,Crebbp,Mutated_in_SCC,33044,1.355232376421375,38
T08,Csmd1,Mutated_in_SCC,33044,0.7716478335754117,94
T08,Csmd2,Mutated_in_SCC,33044,0.6874391697180908,100
T08,Csmd3,Mutated_in_SCC,33044,1.101419175324575,59
T08,Cttn,CNV,33044,0.2383432273719984,155
T08,Cubn,Mutated_in_SCC,33044,0.203173418076119,157
T08,D630045J12Rik,Mutated_in_SCC,33044,1.305969600098223,42
T08,Dgkb,Mutated_in_SCC,33044,0.4432566963448978,133
T08,Dmd,Mutated_in_SCC,33044,1.429192638122857,36
T08,Dnah10,Mutated_in_SCC,33044,2.773584359899235,10
T08,Dnah11,Mutated_in_SCC,33044,1.432565437388702,34
T08,Dnah17,Mutated_in_SCC,33044,0.8301212530936471,88
T08,Dnah3,Mutated_in_SCC,33044,0.6736810424400325,102
T08,Dnah5,Mutated_in_SCC,33044,0.5797393683743658,115
T08,Dnah6,Mutated_in_SCC,33044,0.6160143293442157,110
T08,Dnah7a,Mutated_in_SCC,33044,0.3190837472863978,146
T08,Dnah8,Mutated_in_SCC,33044,0.3159249238570224,147
T08,Dnah9,Mutated_in_SCC,33044,0.4300856550459139,135
T08,Dscam,Mutated_in_SCC,33044,0.5933047998425376,112
T08,Dst,Mutated_in_SCC,33044,0.3712554328550536,141
T08,Ep300,Mutated_in_SCC,33044,0.9464605276373564,71
T08,Epha5,Mutated_in_SCC,33044,0.5007034642516963,121
T08,Epha7,Mutated_in_SCC,33044,0.6535784007487936,106
T08,Erbb4,Mutated_in_SCC,33044,1.225031816790841,48
T08,Erich3,Mutated_in_SCC,33044,1.312650046402533,40
T08,Fadd,CNV,33044,0.278547621766955,152
T08,Fam135b,Mutated_in_SCC,33044,1.601369945036754,26
T08,Fat1,Mutated_in_SCC,33044,8.755050757112,3
T08,Fat2,Mutated_in_SCC,33044,1.178046735441983,51
T08,Fat3,Mutated_in_SCC,33044,0.6693945406003134,104
T08,Fat4,Mutated_in_SCC,33044,1.552870582507592,28
T08,Fbxw7,Mutated_in_SCC,33044,0.6504223426395106,107
T08,Fgf15,CNV,33044,2.16355031598347,13
T08,Fgf3,CNV,33044,0.4985760082258792,123
T08,Fgf4,CNV,33044,0.4017211344138517,138
T08,Flg,Mutated_in_SCC,33044,0.8945308649618614,79
T08,Fmn2,Mutated_in_SCC,33044,0.9338913218285807,73
T08,Herc2,Mutated_in_SCC,33044,0.3506949458944455,142
T08,Hmcn1,Mutated_in_SCC,33044,3.069910822809696,7
T08,Hras,Mutated_in_SCC,33044,0.7249706998574434,96
T08,Huwe1,Mutated_in_SCC,33044,0.1878759093128591,161
T08,Kdr,Mutated_in_SCC,33044,2.177695938127291,12
T08,Kmt2c,Mutated_in_SCC,33044,1.755306864369822,19
T08,Kmt2d,Mutated_in_SCC,33044,0.5190586233966061,119
T08,Lama2,Mutated_in_SCC,33044,1.195177194821792,50
T08,Lama5,Mutated_in_SCC,33044,0.879329211987045,81
T08,Lrp1,Mutated_in_SCC,33044,0.8952260961199934,78
T08,Lrp1b,Mutated_in_SCC,33044,1.197757080264152,49
T08,Lrp2,Mutated_in_SCC,33044,0.8661864395495472,83
T08,Macf1,Mutated_in_SCC,33044,0.2599804202752387,153
T08,Magi2,Mutated_in_SCC,33044,1.406068156675646,37
T08,Mdn1,Mutated_in_SCC,33044,0.082555468014774,166
T08,Mgam,Mutated_in_SCC,33044,0.468309913190587,127
T08,Mroh2b,Mutated_in_SCC,33044,3.095954835478887,6
T08,Muc16,Mutated_in_SCC,33044,0.4722352116185816,126
T08,Muc2,Mutated_in_SCC,33044,1.939921067628229,16
T08,Muc3,Mutated_in_SCC,33044,0.6764691316653126,101
T08,Muc4,Mutated_in_SCC,33044,0.3917397294658085,139
T08,Muc5b,Mutated_in_SCC,33044,0.930142413445892,74
T08,Myh1,Mutated_in_SCC,33044,0.6409599567220439,108
T08,Myh2,Mutated_in_SCC,33044,13.07082073790058,2
T08,Myh8,Mutated_in_SCC,33044,1.528732707273102,29
T08,Nav3,Mutated_in_SCC,33044,1.148128261411858,53
T08,Neb,Mutated_in_SCC,33044,0.3125317657590909,148
T08,Notch1,Mutated_in_SCC,33044,15.9223819161289,1
T08,Notch2,Mutated_in_SCC,33044,0.5384444187557714,118
T08,Nsd1,Mutated_in_SCC,33044,0.1772460607918799,163
T08,Obscn,Mutated_in_SCC,33044,1.2918746184289,43
T08,Oraov1,CNV,33044,0.2968325809639918,149
T08,P3h2,CNV,33044,0.4415938302435185,134
T08,Pak7,Mutated_in_SCC,33044,0.1162533553364169,165
T08,Pappa2,Mutated_in_SCC,33044,1.696179559951713,22
T08,Pcdh11x,Mutated_in_SCC,33044,1.144946830163577,55
T08,Pcdh15,Mutated_in_SCC,33044,1.040947890870838,63
T08,Pclo,Mutated_in_SCC,33044,0.346216528935731,143
T08,Peg3,Mutated_in_SCC,33044,0.336067721976896,144
T08,Pik3ca,Mutated_in_SCC,33044,0.4986280126676551,122
T08,Pik3cg,Mutated_in_SCC,33044,1.235194876886656,46
T08,Pkhd1,Mutated_in_SCC,33044,1.448703442453755,32
T08,Pkhd1l1,Mutated_in_SCC,33044,1.338164250024598,39
T08,Plec,Mutated_in_SCC,33044,0.2903835690890906,150
T08,Ppfia1,CNV,33044,0.3308534342711894,145
T08,Prex2,Mutated_in_SCC,33044,3.151060132217308,5
T08,Prkdc,Mutated_in_SCC,33044,0.2026474588316319,158
T08,Ptprd,Mutated_in_SCC,33044,0.4084880780980419,137
T08,Reln,Mutated_in_SCC,33044,0.4961229079064751,125
T08,Ros1,Mutated_in_SCC,33044,1.277525707586043,45
T08,Rp1,Mutated_in_SCC,33044,0.746557120965327,95
T08,Runx1t1,Mutated_in_SCC,33044,1.012738685727296,67
T08,Ryr1,Mutated_in_SCC,33044,0.2548110210952602,154
T08,Ryr2,Mutated_in_SCC,33044,0.7173783575230391,98
T08,Ryr3,Mutated_in_SCC,33044,1.998641718742849,15
T08,Scn9a,Mutated_in_SCC,33044,0.7735178610681959,93
T08,Shank2,CNV,33044,0.5577965106709947,117
T08,Sis,Mutated_in_SCC,33044,0.2020873999449808,159
T08,Slit2,Mutated_in_SCC,33044,2.781829077208554,9
T08,Sox2,CNV,33044,0.969373483368521,69
T08,Spag17,Mutated_in_SCC,33044,1.81370205912311,18
T08,Sphkap,Mutated_in_SCC,33044,2.78408085594458,8
T08,Spta1,Mutated_in_SCC,33044,1.117935184409926,58
T08,Syne1,Mutated_in_SCC,33044,0.4973750621922953,124
T08,Syne2,Mutated_in_SCC,33044,0.7061154212607567,99
T08,Tenm1,Mutated_in_SCC,33044,0.230769756169486,156
T08,Tet1,Mutated_in_SCC,33044,1.284709019767754,44
T08,Thsd7a,Mutated_in_SCC,33044,0.8317996084591562,87
T08,Tnni3k,Mutated_in_SCC,33044,0.6726513408103498,103
T08,Tnxb,Mutated_in_SCC,33044,0.1417421659545846,164
T08,Tpcn2,CNV,33044,0.6579143153993467,105
T08,Trp53,Mutated_in_SCC,33044,3.592223240108118,4
T08,Trp63,CNV,33044,0.01573842649158312,167
T08,Ttn,Mutated_in_SCC,33044,0.4587856054248464,129
T08,Unc13c,Mutated_in_SCC,33044,1.574423945601176,27
T08,Ush2a,Mutated_in_SCC,33044,1.680837936875694,23
T08,Vcan,Mutated_in_SCC,33044,0.8815041128271801,80
T08,Vps13b,Mutated_in_SCC,33044,0.2795603997784412,151
T08,Xirp2,Mutated_in_SCC,33044,1.72866285886506,21
T08,Zfhx4,Mutated_in_SCC,33044,0.8999557568757749,76
T08,Zfp469,Mutated_in_SCC,33044,0.7911062769223307,91
T08,Zfp78,Mutated_in_SCC,33044,1.231046272836019,47
T08,Zfp804b,Mutated_in_SCC,33044,1.138871051358708,56
T08,Zfp831,Mutated_in_SCC,33044,0.7880861281007097,92
T08,Zmat3,CNV,33044,1.154815883853738,52
T08,ctrl_1,Control,33044,0.8290901441420367,89
T08,ctrl_10,Control,33044,0.4508686189700224,130
T08,ctrl_11,Control,33044,0.9172769972027401,75
T08,ctrl_12,Control,33044,1.128367270398832,57
T08,ctrl_13,Control,33044,0.8992275383013397,77
T08,ctrl_14,Control,33044,0.8734092858939101,82
T08,ctrl_15,Control,33044,0.9345440503438842,72
T08,ctrl_16,Control,33044,2.107052063976615,14
T08,ctrl_17,Control,33044,1.754464861604662,20
T08,ctrl_2,Control,33044,1.446446310916669,33
T08,ctrl_3,Control,33044,0.5832900297884589,114
T08,ctrl_4,Control,33044,0.9802618217112267,68
T08,ctrl_5,Control,33044,0.7976245102026036,90
T08,ctrl_6,Control,33044,1.523699584966091,30
T08,ctrl_7,Control,33044,0.4504120591803211,131
T08,ctrl_8,Control,33044,1.092831357189599,61
T08,ctrl_9,Control,33044,1.050376166465413,62
