food,microbe,metabolite,fm_beta,fb_beta,bm_beta,direction_coherent
Alcoholic Beverages,Clostridium_phoceensis,N-acetylproline,0.2737625789495671,0.0988636347828742,0.0940278559847916,True
Alcoholic Beverages,Agathobaculum_butyriciproducens,adenosine,0.08429325404111174,0.0764459321470253,0.139430929387528,True
Alcoholic Beverages,Clostridiales_bacterium_KLE1615,mannose,0.105686129876087,0.0597571276651132,0.0933592645493308,True
Alcoholic Beverages,Clostridiales_bacterium_KLE1615,choline,0.09339839202772578,0.0597571276651132,0.0799974272566322,True
Alcoholic Beverages,Clostridiales_bacterium_KLE1615,branched chain 14:0 dicarboxylic acid**,0.0872427345669023,0.0597571276651132,0.0794755970657689,True
Alcoholic Beverages,Clostridiales_bacterium_KLE1615,maltose,0.08850720645337531,0.0597571276651132,0.0875516725225456,True
Alcoholic Beverages,Clostridiales_bacterium_KLE1615,adenosine,0.08429325404111174,0.0597571276651132,0.125599921131436,True
Alcoholic Beverages,Agathobaculum_butyriciproducens,lyxonate,0.08334148955995357,0.0764459321470253,0.140323397256511,True
Alcoholic Beverages,Agathobaculum_butyriciproducens,ribulose/xylulose,0.08350200916182145,0.0764459321470253,0.152211980920946,True
Alcoholic Beverages,Agathobaculum_butyriciproducens,2'-deoxyinosine,0.0823295193336862,0.0764459321470253,0.113431872393138,True
Alcoholic Beverages,GGB9667_SGB15164,vanillate,0.277423836838721,0.0780140462236577,0.111839054994445,True
Alcoholic Beverages,GGB9557_SGB14966,branched chain 14:0 dicarboxylic acid**,0.0872427345669023,0.0931600194213478,0.137417403210486,True
Alcoholic Beverages,GGB9557_SGB14966,spermidine,0.09109037862285571,0.0931600194213478,0.182893306535381,True
Alcoholic Beverages,GGB9557_SGB14966,picolinate,0.1046188174771269,0.0931600194213478,0.181245472107256,True
Alcoholic Beverages,GGB9557_SGB14966,5-hydroxypicolinic acid,0.1089494398550968,0.0931600194213478,0.176258008259686,True
Alcoholic Beverages,Agathobaculum_butyriciproducens,glucuronate,0.09027529819706975,0.0764459321470253,0.195637641949314,True
Alcoholic Beverages,Faecalibacterium_prausnitzii,lyxonate,0.08334148955995357,0.0835797882484008,0.117169235405822,True
Alcoholic Beverages,GGB9557_SGB14966,2'-deoxyinosine,0.0823295193336862,0.0931600194213478,0.113249412647284,True
Alcoholic Beverages,Agathobaculum_butyriciproducens,citrate,0.08261669248577547,0.0764459321470253,0.0863066161926028,True
Alcoholic Beverages,Agathobaculum_butyriciproducens,maltose,0.08850720645337531,0.0764459321470253,0.166527433713153,True
Alcoholic Beverages,Agathobaculum_butyriciproducens,3-hydroxy-3-methylglutarate,0.08803786322079524,0.0764459321470253,0.139720633135258,True
Alcoholic Beverages,Agathobaculum_butyriciproducens,glycerophosphorylcholine (GPC),0.08671676276249421,0.0764459321470253,0.0968327168991008,True
Alcoholic Beverages,Agathobaculum_butyriciproducens,cysteine,0.0879279018865721,0.0764459321470253,0.101886132478495,True
Alcoholic Beverages,Agathobaculum_butyriciproducens,spermidine,0.09109037862285571,0.0764459321470253,0.20026819101847,True
Alcoholic Beverages,Agathobaculum_butyriciproducens,glycerophosphoinositol*,0.09189987094599616,0.0764459321470253,0.136381796515888,True
Alcoholic Beverages,Agathobaculum_butyriciproducens,arabinose,0.09371787426725528,0.0764459321470253,0.145179666194582,True
Alcoholic Beverages,Agathobaculum_butyriciproducens,choline,0.09339839202772578,0.0764459321470253,0.126433097962565,True
Alcoholic Beverages,Agathobaculum_butyriciproducens,malate,0.09468600048471848,0.0764459321470253,0.118890796927457,True
Alcoholic Beverages,Agathobaculum_butyriciproducens,cysteinylglycine,0.08948585136140191,0.0764459321470253,0.116862301365449,True
Alcoholic Beverages,Agathobaculum_butyriciproducens,5-hydroxypicolinic acid,0.1089494398550968,0.0764459321470253,0.131940228718652,True
Alcoholic Beverages,Agathobaculum_butyriciproducens,mannose,0.105686129876087,0.0764459321470253,0.191721984373197,True
Alcoholic Beverages,Agathobaculum_butyriciproducens,biliverdin,0.1059997110366371,0.0764459321470253,0.10668233857824,True
Alcoholic Beverages,Agathobaculum_butyriciproducens,suberate (C8-DC),0.1176092183075016,0.0764459321470253,-0.0895847501398689,False
Alcoholic Beverages,Agathobaculum_butyriciproducens,25-hydroxycholesterol sulfate,0.1218457230899573,0.0764459321470253,0.0838289510073104,True
Alcoholic Beverages,Agathobaculum_butyriciproducens,piperine,0.202800281253761,0.0764459321470253,0.0908315448977315,True
Alcoholic Beverages,Agathobaculum_butyriciproducens,vanillate,0.277423836838721,0.0764459321470253,0.0945765036068234,True
Alcoholic Beverages,Agathobaculum_butyriciproducens,stachydrine,0.08703044960758388,0.0764459321470253,0.196707219093382,True
Alcoholic Beverages,Agathobaculum_butyriciproducens,branched chain 14:0 dicarboxylic acid**,0.0872427345669023,0.0764459321470253,0.110295890098834,True
Alcoholic Beverages,Faecalibacterium_prausnitzii,adenosine,0.08429325404111174,0.0835797882484008,0.156934412987142,True
Alcoholic Beverages,Faecalibacterium_prausnitzii,ribulose/xylulose,0.08350200916182145,0.0835797882484008,0.134276630080112,True
Alcoholic Beverages,Agathobaculum_butyriciproducens,N-acetylglucosamine/N-acetylgalactosamine,0.09308003583713406,0.0764459321470253,0.12839110082865,True
Alcoholic Beverages,Faecalibacterium_prausnitzii,mannose,0.105686129876087,0.0835797882484008,0.170915765839218,True
Alcoholic Beverages,Faecalibacterium_prausnitzii,glycerophosphoinositol*,0.09189987094599616,0.0835797882484008,0.156020702266954,True
Alcoholic Beverages,Faecalibacterium_prausnitzii,spermidine,0.09109037862285571,0.0835797882484008,0.194425305082761,True
Alcoholic Beverages,Faecalibacterium_prausnitzii,malate,0.09468600048471848,0.0835797882484008,0.150930078020502,True
Alcoholic Beverages,Faecalibacterium_prausnitzii,branched chain 14:0 dicarboxylic acid**,0.0872427345669023,0.0835797882484008,0.144354836955836,True
Alcoholic Beverages,Faecalibacterium_prausnitzii,stachydrine,0.08703044960758388,0.0835797882484008,0.13874160488308,True
Alcoholic Beverages,Faecalibacterium_prausnitzii,maltose,0.08850720645337531,0.0835797882484008,0.1728623030817,True
Alcoholic Beverages,Faecalibacterium_prausnitzii,5-hydroxypicolinic acid,0.1089494398550968,0.0835797882484008,0.111089883417844,True
Alcoholic Beverages,Faecalibacterium_prausnitzii,3-methylglutarate/2-methylglutarate,0.09448939593742099,0.0835797882484008,-0.155085043199918,False
Alcoholic Beverages,Romboutsia_timonensis,caffeine,0.1203589206676319,-0.0632983098221759,-0.0815487670147383,True
Alcoholic Beverages,Faecalibacterium_prausnitzii,arabinose,0.09371787426725528,0.0835797882484008,0.101434088710874,True
Alcoholic Beverages,Faecalibacterium_prausnitzii,vanillate,0.277423836838721,0.0835797882484008,0.11189207690343,True
Alcoholic Beverages,Clostridium_phoceensis,myristate (14:0),-0.08642060299135737,0.0988636347828742,-0.0892547672653551,True
Alcoholic Beverages,Clostridium_phoceensis,theophylline,0.09280107757333349,0.0988636347828742,0.0898067251337032,True
Alcoholic Beverages,Clostridium_phoceensis,1-methyl-4-imidazoleacetate,0.1004334573110341,0.0988636347828742,0.096419410742827,True
Alcoholic Beverages,Clostridium_phoceensis,picolinate,0.1046188174771269,0.0988636347828742,0.112703219220531,True
Alcoholic Beverages,Clostridium_phoceensis,5-hydroxypicolinic acid,0.1089494398550968,0.0988636347828742,0.143116890703482,True
Alcoholic Beverages,Clostridium_phoceensis,biliverdin,0.1059997110366371,0.0988636347828742,0.128809947246828,True
Alcoholic Beverages,Clostridium_phoceensis,"2,3-dimethylsuccinate",0.1274527226880261,0.0988636347828742,0.129774629945805,True
Alcoholic Beverages,Clostridium_phoceensis,dibutyl sulfosuccinate,0.1449880075942262,0.0988636347828742,0.106507448216477,True
Alcoholic Beverages,Clostridium_phoceensis,maleate,0.1544668800218546,0.0988636347828742,0.0920311561776033,True
Alcoholic Beverages,Clostridium_phoceensis,maleamate,0.1505740732865262,0.0988636347828742,0.142973538381167,True
Alcoholic Beverages,Faecalibacterium_prausnitzii,glucuronate,0.09027529819706975,0.0835797882484008,0.181512191418064,True
Alcoholic Beverages,Faecalibacterium_prausnitzii,choline,0.09339839202772578,0.0835797882484008,0.12598212688329,True
Fruit,Coprococcus_comes,25-hydroxycholesterol sulfate,-0.1456322397853346,-0.104603322656164,0.113021423712178,True
Fruit,Coprococcus_comes,deoxycholate,-0.1074027904207739,-0.104603322656164,0.115133837682692,True
Fruit,Blautia_massiliensis,hyocholate,-0.09942381377785145,-0.0736661061717166,0.0864966708644391,True
Fruit,Blautia_massiliensis,25-hydroxycholesterol sulfate,-0.1456322397853346,-0.0736661061717166,0.0956837370144521,True
Fruit,Blautia_massiliensis,lithocholate,-0.1358650653209758,-0.0736661061717166,0.0862109995858066,True
Fruit,Blautia_massiliensis,pheophorbide A,0.1208912492447443,-0.0736661061717166,-0.0927861838504475,True
Fruit,Blautia_massiliensis,deoxycholate,-0.1074027904207739,-0.0736661061717166,0.109671542658992,True
Fruit,Blautia_massiliensis,3-dehydrodeoxycholate,-0.1073620731201245,-0.0736661061717166,0.0862417870015589,True
Fruit,Blautia_massiliensis,ursocholate,-0.09406454899305862,-0.0736661061717166,0.122688308391459,True
Fruit,Blautia_massiliensis,N-acetylglutamine,-0.09145175868680201,-0.0736661061717166,0.0826328547898041,True
Fruit,Blautia_massiliensis,octadecanedioate (C18-DC),0.0852300440524819,-0.0736661061717166,-0.0961496354497424,True
Fruit,Blautia_massiliensis,cholesterol sulfate,-0.1267713132020506,-0.0736661061717166,0.124210658818511,True
Fruit,Clostridiaceae_bacterium,25-hydroxycholesterol sulfate,-0.1456322397853346,-0.0716007908959848,0.124580315116424,True
Fruit,Blautia_massiliensis,isoursodeoxycholate,-0.08788931045581122,-0.0736661061717166,0.0938128016800741,True
Fruit,Clostridiaceae_bacterium,isoursodeoxycholate,-0.08788931045581122,-0.0716007908959848,0.105820732405488,True
Fruit,Clostridiaceae_bacterium,D-urobilin,-0.08945437766350899,-0.0716007908959848,0.113874524501794,True
Fruit,Lacrimispora_celerecrescens,spermidine,-0.1099219446931368,-0.0805292940275958,0.101473238720995,True
Fruit,Lacrimispora_celerecrescens,deoxycholate,-0.1074027904207739,-0.0805292940275958,0.0946907470347851,True
Fruit,Lacrimispora_celerecrescens,2-hydroxylignocerate*,0.09608060761021384,-0.0805292940275958,-0.0991249914068952,True
Fruit,Lacrimispora_celerecrescens,campesterol,-0.08214965353100341,-0.0805292940275958,0.104758029191635,True
Fruit,Clostridiaceae_bacterium,"N6,N6,N6-trimethyllysine",-0.08345359788812023,-0.0716007908959848,0.133871338763028,True
Fruit,Clostridiaceae_bacterium,octadecanedioate (C18-DC),0.0852300440524819,-0.0716007908959848,-0.12421224828738,True
Fruit,Clostridiaceae_bacterium,N-acetylglutamine,-0.09145175868680201,-0.0716007908959848,0.108703877565907,True
Fruit,Clostridiaceae_bacterium,ursocholate,-0.09406454899305862,-0.0716007908959848,0.106429506476606,True
Fruit,Clostridiaceae_bacterium,nicotinamide riboside,-0.09596451604694059,-0.0716007908959848,0.112845337086536,True
Fruit,Clostridiaceae_bacterium,deoxycholate,-0.1074027904207739,-0.0716007908959848,0.107057863394887,True
Fruit,Clostridiaceae_bacterium,spermidine,-0.1099219446931368,-0.0716007908959848,0.215106823747292,True
Fruit,Clostridiaceae_bacterium,biliverdin,-0.1136269717823324,-0.0716007908959848,0.125941871669441,True
Fruit,Blautia_massiliensis,D-urobilin,-0.08945437766350899,-0.0736661061717166,0.0900424905851038,True
Fruit,Clostridiaceae_bacterium,campesterol,-0.08214965353100341,-0.0716007908959848,0.106427435880775,True
Fruit,Clostridiaceae_bacterium,2-hydroxylignocerate*,0.09608060761021384,-0.0716007908959848,-0.119218544148134,True
Fruit,Lacrimispora_celerecrescens,lithocholate,-0.1358650653209758,-0.0805292940275958,0.0929988659152819,True
Meat,Prevotella_copri_clade_A,cytidine,-0.1053975249003769,-0.0644521631613466,0.147523335772061,True
Meat,Prevotella_copri_clade_A,argininate*,-0.09175621698183449,-0.0644521631613466,0.137905876254532,True
Meat,Collinsella_aerofaciens,adenosine,-0.110822565732856,0.0896857725493506,-0.111016274460442,True
Meat,Collinsella_aerofaciens,12-ketolithocholate,0.09703444470033523,0.0896857725493506,0.12471508136158,True
Meat,Collinsella_aerofaciens,arginine,-0.0923877627067832,0.0896857725493506,-0.133022271256017,True
Meat,Prevotella_copri_clade_A,2'-deoxycytidine,-0.103445091326637,-0.0644521631613466,0.121925848118965,True
Meat,Clostridium_sp_AF20_17LB,adenosine,-0.110822565732856,-0.0820393833733235,0.115296483123397,True
Meat,Clostridium_sp_AF20_17LB,adenine,-0.1048521755204667,-0.0820393833733235,0.137166471562366,True
Meat,Dorea_sp_AF36_15AT,deoxycholate,0.08691562005883213,0.101049202476005,0.198602933059816,True
Meat,Dorea_formicigenerans,lignoceroylcarnitine (C24)*,0.1352501293361774,0.115332730210768,0.107693280789729,True
Meat,Ruminococcus_torques,12-ketolithocholate,0.09703444470033523,0.0985726251119407,0.124488921618378,True
Meat,Ruminococcus_torques,3-dehydrodeoxycholate,0.1018124255377199,0.0985726251119407,0.124708439200822,True
Meat,Ruminococcus_torques,lithocholate,0.1051310275117292,0.0985726251119407,0.145181057743292,True
Meat,Ruminococcus_torques,isohyodeoxycholate,0.1085217519202596,0.0985726251119407,0.101073861284801,True
Meat,Ruminococcus_torques,cholesterol sulfate,0.1212006453150637,0.0985726251119407,0.135149401525297,True
Meat,Ruminococcus_torques,lignoceroylcarnitine (C24)*,0.1352501293361774,0.0985726251119407,0.0974738942996149,True
Meat,Dorea_sp_AF36_15AT,behenoylcarnitine (C22)*,0.2531429514037202,0.101049202476005,0.116604994626133,True
Meat,Dorea_sp_AF36_15AT,arachidoylcarnitine (C20)*,0.224675238847953,0.101049202476005,0.132839320563162,True
Meat,Dorea_sp_AF36_15AT,lignoceroylcarnitine (C24)*,0.1352501293361774,0.101049202476005,0.117748442642145,True
Meat,Dorea_sp_AF36_15AT,25-hydroxycholesterol sulfate,0.1219123207345389,0.101049202476005,0.144806913192518,True
Meat,Dorea_sp_AF36_15AT,cholesterol sulfate,0.1212006453150637,0.101049202476005,0.176696966359416,True
Meat,Dorea_sp_AF36_15AT,"N,N,N-trimethyl-5-aminovalerate",0.1156722101779604,0.101049202476005,0.18118114825981,True
Meat,Dorea_formicigenerans,behenoylcarnitine (C22)*,0.2531429514037202,0.115332730210768,0.117601140212282,True
Meat,Dorea_formicigenerans,arachidoylcarnitine (C20)*,0.224675238847953,0.115332730210768,0.145349750493345,True
Meat,Ruminococcus_torques,biliverdin,0.09485789455568462,0.0985726251119407,0.110636934942009,True
Meat,Ruminococcus_torques,deoxycholate,0.08691562005883213,0.0985726251119407,0.134749945317132,True
Meat,Dorea_formicigenerans,"N,N,N-trimethyl-5-aminovalerate",0.1156722101779604,0.115332730210768,0.159263610585123,True
Meat,Dorea_formicigenerans,lithocholate,0.1051310275117292,0.115332730210768,0.142710945862256,True
Meat,Dorea_formicigenerans,3-dehydrodeoxycholate,0.1018124255377199,0.115332730210768,0.142246681937582,True
Meat,Dorea_formicigenerans,eicosanoylsphingosine (d20:1)*,0.09609627586251868,0.115332730210768,0.117238733982666,True
Meat,Dorea_formicigenerans,12-ketolithocholate,0.09703444470033523,0.115332730210768,0.150650556564245,True
Meat,Dorea_formicigenerans,docosapentaenoate (n3 DPA; 22:5n3),0.09318068747620531,0.115332730210768,0.129853927903016,True
Meat,Dorea_formicigenerans,sphingosine,0.09022095727560762,0.115332730210768,0.131106675097525,True
Meat,Dorea_formicigenerans,deoxycholate,0.08691562005883213,0.115332730210768,0.207672984505785,True
Meat,Dorea_sp_AF36_15AT,isohyodeoxycholate,0.1085217519202596,0.101049202476005,0.131485639844567,True
Meat,Dorea_sp_AF36_15AT,lithocholate,0.1051310275117292,0.101049202476005,0.196648880712792,True
Meat,Dorea_sp_AF36_15AT,3-dehydrodeoxycholate,0.1018124255377199,0.101049202476005,0.181034827944642,True
Meat,Dorea_sp_AF36_15AT,12-ketolithocholate,0.09703444470033523,0.101049202476005,0.158718465318535,True
Meat,Dorea_sp_AF36_15AT,biliverdin,0.09485789455568462,0.101049202476005,0.133721691357649,True
Meat,Dorea_sp_AF36_15AT,docosapentaenoate (n3 DPA; 22:5n3),0.09318068747620531,0.101049202476005,0.122379764125967,True
Meat,Dorea_formicigenerans,25-hydroxycholesterol sulfate,0.1219123207345389,0.115332730210768,0.128488370454628,True
Nuts & Seeds,Ruminococcaceae_unclassified_SGB15265,isohyodeoxycholate,-0.1116886235109576,0.0683722564651788,-0.11098961669188,True
Nuts & Seeds,Dorea_sp_AF36_15AT,glycodeoxycholate,-0.09193694845934731,-0.100192310050176,0.173857076471523,True
Nuts & Seeds,Butyricicoccus_sp_AM29_23AC,2'-deoxycytidine,0.1147965153276571,0.0929330499093855,0.12678949929747,True
Nuts & Seeds,Ruminococcaceae_unclassified_SGB15265,glycerol 3-phosphate,0.1155677862844583,0.0683722564651788,0.0990062977653674,True
Nuts & Seeds,Ruminococcaceae_unclassified_SGB15265,valine,-0.09782796212736218,0.0683722564651788,-0.0845222096992192,True
Nuts & Seeds,Ruminococcaceae_unclassified_SGB15265,proline,-0.08313816963417582,0.0683722564651788,-0.079946873180047,True
Nuts & Seeds,Ruminococcaceae_unclassified_SGB15265,N6-acetyllysine,-0.08830851421224771,0.0683722564651788,-0.0910001912513898,True
Nuts & Seeds,Ruminococcaceae_unclassified_SGB15265,isocaproate (i6:0),-0.07844684692575782,0.0683722564651788,-0.0838592341285102,True
Nuts & Seeds,Ruminococcaceae_unclassified_SGB15265,3-carboxyadipate,0.114808762932936,0.0683722564651788,0.084860925585001,True
Nuts & Seeds,Eggerthella_lenta,enterolactone,0.1631610166658227,-0.0545311083654762,-0.0732746789807321,True
Nuts & Seeds,Ruminococcaceae_unclassified_SGB15265,oleate/vaccenate (18:1),0.1806772565945284,0.0683722564651788,0.0858217951088188,True
Nuts & Seeds,Ruminococcaceae_unclassified_SGB15265,3-hydroxyoleate*,0.1762644846574049,0.0683722564651788,0.123170335620664,True
Nuts & Seeds,Ruminococcaceae_unclassified_SGB15265,LAHSA (18:2/OH-18:0)*,0.2065444446762397,0.0683722564651788,0.129680842828404,True
Nuts & Seeds,Butyricicoccus_sp_AM29_23AC,palmitoleate (16:1n7),0.08655997128661216,0.0929330499093855,0.128519989313659,True
Nuts & Seeds,Butyricicoccus_sp_AM29_23AC,cytidine,0.09866935486865912,0.0929330499093855,0.149088898655847,True
Nuts & Seeds,Butyricicoccus_sp_AM29_23AC,myo-inositol,0.1003489662008861,0.0929330499093855,0.127138238656746,True
Nuts & Seeds,Ruminococcaceae_unclassified_SGB15265,tricarballylate,0.1145699135697053,0.0683722564651788,0.0935689358931019,True
Nuts & Seeds,Dorea_sp_AF36_15AT,cholesterol,-0.09884406965562455,-0.100192310050176,0.134615196279697,True
Nuts & Seeds,Dorea_sp_AF36_15AT,25-hydroxycholesterol sulfate,-0.1005507458304207,-0.100192310050176,0.144806913192518,True
Nuts & Seeds,Butyricicoccus_sp_AM29_23AC,biotin,-0.1114500689275713,0.0929330499093855,-0.157228058187667,True
Nuts & Seeds,Butyricicoccus_sp_AM29_23AC,coprostanol,-0.1271309050183136,0.0929330499093855,-0.128511980552648,True
Nuts & Seeds,Ruminococcaceae_unclassified_SGB15265,phosphate,0.1573041071260815,0.0683722564651788,0.125613690361284,True
Nuts & Seeds,Ruthenibacterium_lactatiformans,methylphosphate,0.1254351981223477,-0.0621213737052224,-0.14795755606383,True
Nuts & Seeds,Eggerthella_lenta,cholesterol sulfate,-0.1353424191136238,-0.0545311083654762,0.0924694227344247,True
Nuts & Seeds,Agathobaculum_butyriciproducens,sitostanol,-0.1154433274278087,0.065469946765876,-0.103569052648386,True
Nuts & Seeds,Agathobaculum_butyriciproducens,methylphosphate,0.1254351981223477,0.065469946765876,0.143587782162424,True
Nuts & Seeds,Agathobaculum_butyriciproducens,coprostanol,-0.1271309050183136,0.065469946765876,-0.0847330890124326,True
Nuts & Seeds,Agathobaculum_butyriciproducens,13-HODE + 9-HODE,0.1345344949385461,0.065469946765876,0.117639181795306,True
Nuts & Seeds,Agathobaculum_butyriciproducens,ursocholate,-0.1355849059934491,0.065469946765876,0.0943613290704079,False
Nuts & Seeds,Agathobaculum_butyriciproducens,glycerol,0.1743377108765357,0.065469946765876,0.161368342294789,True
Nuts & Seeds,GGB9615_SGB15053,palmitoleate (16:1n7),0.08655997128661216,0.0672684821171513,0.0931132207106494,True
Nuts & Seeds,Agathobaculum_butyriciproducens,hexadecadienoate (16:2n6),0.1226051836887116,0.065469946765876,0.138421310494331,True
Nuts & Seeds,GGB9615_SGB15053,N6-acetyllysine,-0.08830851421224771,0.0672684821171513,-0.0963430121639127,True
Nuts & Seeds,GGB9615_SGB15053,glycodeoxycholate,-0.09193694845934731,0.0672684821171513,-0.0874569134530802,True
Nuts & Seeds,GGB9615_SGB15053,sphinganine,-0.09697920084401601,0.0672684821171513,-0.0843187642198265,True
Nuts & Seeds,GGB9615_SGB15053,isoursodeoxycholate,-0.09853583283133967,0.0672684821171513,-0.0929905071646459,True
Nuts & Seeds,GGB9615_SGB15053,25-hydroxycholesterol sulfate,-0.1005507458304207,0.0672684821171513,-0.0930309638937168,True
Nuts & Seeds,GGB9615_SGB15053,biliverdin,-0.1020370051868043,0.0672684821171513,-0.104460069755757,True
Nuts & Seeds,GGB9615_SGB15053,nicotianamine,0.1027102521596632,0.0672684821171513,0.0886651905161388,True
Nuts & Seeds,GGB9615_SGB15053,glycerol 3-phosphate,0.1155677862844583,0.0672684821171513,0.0920225932927582,True
Nuts & Seeds,GGB9615_SGB15053,pyruvate,-0.08427399294090783,0.0672684821171513,-0.0940235520599234,True
Nuts & Seeds,GGB9615_SGB15053,isohyodeoxycholate,-0.1116886235109576,0.0672684821171513,-0.0863844562716141,True
Nuts & Seeds,Agathobaculum_butyriciproducens,2'-deoxycytidine,0.1147965153276571,0.065469946765876,0.175646021923653,True
Nuts & Seeds,Agathobaculum_butyriciproducens,cysteine,-0.1093168101290107,0.065469946765876,0.101886132478495,False
Nuts & Seeds,Agathobaculum_butyriciproducens,palmitoleate (16:1n7),0.08655997128661216,0.065469946765876,0.0893383780188592,True
Nuts & Seeds,Agathobaculum_butyriciproducens,3-hydroxy-3-methylglutarate,0.0871996944985565,0.065469946765876,0.139720633135258,True
Nuts & Seeds,Agathobaculum_butyriciproducens,isocaproate (i6:0),-0.07844684692575782,0.065469946765876,0.0748114957023127,False
Nuts & Seeds,Agathobaculum_butyriciproducens,sphingosine,-0.08526399288145453,0.065469946765876,0.114506666018679,False
Nuts & Seeds,Agathobaculum_butyriciproducens,vanillate,0.09087006228562623,0.065469946765876,0.0945765036068234,True
Nuts & Seeds,Agathobaculum_butyriciproducens,citrate,0.09028782508124653,0.065469946765876,0.0863066161926028,True
Nuts & Seeds,Agathobaculum_butyriciproducens,glycerophosphoinositol*,0.09497755145916417,0.065469946765876,0.136381796515888,True
Nuts & Seeds,Agathobaculum_butyriciproducens,biotin,-0.1114500689275713,0.065469946765876,-0.195978023042236,True
Nuts & Seeds,Agathobaculum_butyriciproducens,2-hydroxydecanoate,0.0976854436772195,0.065469946765876,0.110753438892374,True
Nuts & Seeds,Agathobaculum_butyriciproducens,cytidine,0.09866935486865912,0.065469946765876,0.225534367265882,True
Nuts & Seeds,Agathobaculum_butyriciproducens,isoursodeoxycholate,-0.09853583283133967,0.065469946765876,0.100235030337999,False
Nuts & Seeds,Agathobaculum_butyriciproducens,myo-inositol,0.1003489662008861,0.065469946765876,0.117154597914048,True
Nuts & Seeds,Agathobaculum_butyriciproducens,25-hydroxycholesterol sulfate,-0.1005507458304207,0.065469946765876,0.0838289510073104,False
Nuts & Seeds,Agathobaculum_butyriciproducens,choline phosphate,0.1019327477824012,0.065469946765876,0.100058661277921,True
Nuts & Seeds,Agathobaculum_butyriciproducens,biliverdin,-0.1020370051868043,0.065469946765876,0.10668233857824,False
Nuts & Seeds,Agathobaculum_butyriciproducens,butyrate/isobutyrate (4:0),-0.1033541187611935,0.065469946765876,0.110968930549364,False
Nuts & Seeds,Agathobaculum_butyriciproducens,valerate (5:0),-0.09544642472375148,0.065469946765876,0.0862428974531133,False
Nuts & Seeds,GGB9615_SGB15053,N-propionylmethionine,-0.1059075334473838,0.0672684821171513,-0.0979401525792404,True
Nuts & Seeds,GGB9615_SGB15053,N-acetylmethionine,-0.1075763430642657,0.0672684821171513,-0.0995969900578633,True
Nuts & Seeds,GGB9615_SGB15053,methylphosphate,0.1254351981223477,0.0672684821171513,0.101784584269642,True
Nuts & Seeds,Ruthenibacterium_lactatiformans,biotin,-0.1114500689275713,-0.0621213737052224,0.226252847215323,True
Nuts & Seeds,Ruthenibacterium_lactatiformans,2'-deoxycytidine,0.1147965153276571,-0.0621213737052224,-0.174865168181579,True
Nuts & Seeds,Ruthenibacterium_lactatiformans,hexadecadienoate (16:2n6),0.1226051836887116,-0.0621213737052224,-0.118320492954805,True
Nuts & Seeds,Dorea_sp_AF36_15AT,biliverdin,-0.1020370051868043,-0.100192310050176,0.133721691357649,True
Nuts & Seeds,Ruthenibacterium_lactatiformans,coprostanol,-0.1271309050183136,-0.0621213737052224,0.101539525811546,True
Nuts & Seeds,Ruthenibacterium_lactatiformans,linolenate [alpha or gamma; (18:3n3 or 6)],0.135661345144891,-0.0621213737052224,-0.110793760073618,True
Nuts & Seeds,Ruthenibacterium_lactatiformans,13-HODE + 9-HODE,0.1345344949385461,-0.0621213737052224,-0.10370426378423,True
Nuts & Seeds,Ruthenibacterium_lactatiformans,glycerol 3-phosphate,0.1155677862844583,-0.0621213737052224,-0.104862530865487,True
Nuts & Seeds,Ruthenibacterium_lactatiformans,cholesterol sulfate,-0.1353424191136238,-0.0621213737052224,0.135633625658215,True
Nuts & Seeds,Ruthenibacterium_lactatiformans,glycerol,0.1743377108765357,-0.0621213737052224,-0.174217919780453,True
Nuts & Seeds,Ruthenibacterium_lactatiformans,linoleate (18:2n6),0.199752173787681,-0.0621213737052224,-0.108781409720998,True
Nuts & Seeds,Eggerthella_lenta,sphinganine,-0.09697920084401601,-0.0545311083654762,0.0708010356453722,True
Nuts & Seeds,Eggerthella_lenta,isoursodeoxycholate,-0.09853583283133967,-0.0545311083654762,0.0792086661948037,True
Nuts & Seeds,Eggerthella_lenta,methionine,-0.1001617827907392,-0.0545311083654762,0.0768035990407512,True
Nuts & Seeds,Eggerthella_lenta,glycerol 3-phosphate,0.1155677862844583,-0.0545311083654762,-0.074649489919235,True
Nuts & Seeds,Eggerthella_lenta,D-urobilin,-0.1162759555653931,-0.0545311083654762,0.0968446216985346,True
Nuts & Seeds,Ruthenibacterium_lactatiformans,lithocholate,-0.1590347635847729,-0.0621213737052224,0.0938931252044455,True
Nuts & Seeds,Ruthenibacterium_lactatiformans,p-cresol,-0.1073581449337229,-0.0621213737052224,0.0982410513479967,True
Nuts & Seeds,Ruthenibacterium_lactatiformans,butyrate/isobutyrate (4:0),-0.1033541187611935,-0.0621213737052224,-0.11626601307772,False
Nuts & Seeds,Ruthenibacterium_lactatiformans,nicotianamine,0.1027102521596632,-0.0621213737052224,-0.139790704821973,True
Nuts & Seeds,GGB9615_SGB15053,"bilirubin (Z,Z)",-0.1312165906103403,0.0672684821171513,-0.10987412803808,True
Nuts & Seeds,GGB9615_SGB15053,cholesterol sulfate,-0.1353424191136238,0.0672684821171513,-0.0965901329753664,True
Nuts & Seeds,GGB9615_SGB15053,ursocholate,-0.1355849059934491,0.0672684821171513,-0.112226008599722,True
Nuts & Seeds,GGB9615_SGB15053,phosphate,0.1573041071260815,0.0672684821171513,0.152306759068244,True
Nuts & Seeds,GGB9615_SGB15053,oleate/vaccenate (18:1),0.1806772565945284,0.0672684821171513,0.141983523322374,True
Nuts & Seeds,GGB9615_SGB15053,3-hydroxyoleate*,0.1762644846574049,0.0672684821171513,0.14391834289795,True
Nuts & Seeds,GGB9615_SGB15053,linoleate (18:2n6),0.199752173787681,0.0672684821171513,0.136374103935251,True
Nuts & Seeds,GGB9615_SGB15053,LAHSA (18:2/OH-18:0)*,0.2065444446762397,0.0672684821171513,0.117378778869602,True
Nuts & Seeds,GGB9615_SGB15053,10-hydroxystearate,0.2283379644254735,0.0672684821171513,0.0937426259107997,True
Nuts & Seeds,Ruthenibacterium_lactatiformans,gamma-glutamylmethionine,-0.08128971405893234,-0.0621213737052224,-0.101887233167914,False
Nuts & Seeds,Ruthenibacterium_lactatiformans,3-hydroxy-3-methylglutarate,0.0871996944985565,-0.0621213737052224,-0.154757696523447,True
Nuts & Seeds,Ruthenibacterium_lactatiformans,citrate,0.09028782508124653,-0.0621213737052224,-0.0918263529194884,True
Nuts & Seeds,Ruthenibacterium_lactatiformans,glycerophosphoinositol*,0.09497755145916417,-0.0621213737052224,-0.168054925682955,True
Nuts & Seeds,Ruthenibacterium_lactatiformans,valerate (5:0),-0.09544642472375148,-0.0621213737052224,-0.0858490232924591,False
Nuts & Seeds,Ruthenibacterium_lactatiformans,cytidine,0.09866935486865912,-0.0621213737052224,-0.238518759785818,True
Nuts & Seeds,Ruthenibacterium_lactatiformans,3-methylglutarate/2-methylglutarate,-0.09939045310481738,-0.0621213737052224,0.14638020996378,True
Nuts & Seeds,Ruthenibacterium_lactatiformans,myo-inositol,0.1003489662008861,-0.0621213737052224,-0.164287744345067,True
Nuts & Seeds,Eggerthella_lenta,ursocholate,-0.1355849059934491,-0.0545311083654762,0.0967702326457851,True
Nuts & Seeds,Dorea_sp_AF36_15AT,isohyodeoxycholate,-0.1116886235109576,-0.100192310050176,0.131485639844567,True
Nuts & Seeds,Blautia_SGB4805,leucine,-0.09125185696497148,-0.0767355779370936,-0.0931911980897967,False
Nuts & Seeds,Dorea_sp_AF36_15AT,D-urobilin,-0.1162759555653931,-0.100192310050176,0.136620039970702,True
Nuts & Seeds,Dorea_sp_AF36_15AT,behenoylcarnitine (C22)*,-0.1108634114695009,-0.100192310050176,0.116604994626133,True
Nuts & Seeds,Blautia_massiliensis,pyruvate,-0.08427399294090783,-0.0891056696775834,0.076639197201558,True
Nuts & Seeds,Lachnospiraceae_bacterium,linoleate (18:2n6),0.199752173787681,0.163648457001991,0.174475427724602,True
Nuts & Seeds,Lachnospiraceae_bacterium,3-hydroxyoleate*,0.1762644846574049,0.163648457001991,0.191443936287984,True
Nuts & Seeds,Lachnospiraceae_bacterium,oleate/vaccenate (18:1),0.1806772565945284,0.163648457001991,0.209544781030754,True
Nuts & Seeds,GGB9677_SGB15180,cholesterol,-0.09884406965562455,0.0798508869513051,-0.106649586995519,True
Nuts & Seeds,GGB9677_SGB15180,gamma-tocopherol/beta-tocopherol,0.09972209531554604,0.0798508869513051,0.0832154414543376,True
Nuts & Seeds,GGB9677_SGB15180,methionine,-0.1001617827907392,0.0798508869513051,-0.104575574059607,True
Nuts & Seeds,GGB9677_SGB15180,25-hydroxycholesterol sulfate,-0.1005507458304207,0.0798508869513051,-0.126366320506985,True
Nuts & Seeds,GGB9677_SGB15180,biliverdin,-0.1020370051868043,0.0798508869513051,-0.162861674006898,True
Nuts & Seeds,GGB9677_SGB15180,valine,-0.09782796212736218,0.0798508869513051,-0.103592622592914,True
Nuts & Seeds,GGB9677_SGB15180,butyrate/isobutyrate (4:0),-0.1033541187611935,0.0798508869513051,-0.104004775803175,True
Nuts & Seeds,GGB9677_SGB15180,cysteine,-0.1093168101290107,0.0798508869513051,-0.125726380223611,True
Nuts & Seeds,GGB9677_SGB15180,isohyodeoxycholate,-0.1116886235109576,0.0798508869513051,-0.101083525201745,True
Nuts & Seeds,GGB9677_SGB15180,biotin,-0.1114500689275713,0.0798508869513051,0.0828597003601587,False
Nuts & Seeds,GGB9677_SGB15180,N-propionylmethionine,-0.1059075334473838,0.0798508869513051,-0.091456430104343,True
Nuts & Seeds,GGB9677_SGB15180,lignoceroyl ethanolamide (24:0)*,-0.1106155247528188,0.0798508869513051,-0.0911077596536671,True
Nuts & Seeds,Blautia_massiliensis,glycodeoxycholate,-0.09193694845934731,-0.0891056696775834,0.0839142202364818,True
Nuts & Seeds,Blautia_massiliensis,2-hydroxydecanoate,0.0976854436772195,-0.0891056696775834,0.0793709197129954,False
Nuts & Seeds,Blautia_massiliensis,sphinganine,-0.09697920084401601,-0.0891056696775834,0.0765784921889821,True
Nuts & Seeds,Blautia_massiliensis,isoursodeoxycholate,-0.09853583283133967,-0.0891056696775834,0.0938128016800741,True
Nuts & Seeds,GGB9677_SGB15180,sphingosine,-0.08526399288145453,0.0798508869513051,-0.0788654562181133,True
Nuts & Seeds,GGB9677_SGB15180,N6-acetyllysine,-0.08830851421224771,0.0798508869513051,-0.0946842440709444,True
Nuts & Seeds,GGB9677_SGB15180,pyruvate,-0.08427399294090783,0.0798508869513051,-0.0919382594243495,True
Nuts & Seeds,GGB9677_SGB15180,o-Tyrosine,-0.08553083383546649,0.0798508869513051,-0.0873330163269531,True
Nuts & Seeds,GGB9677_SGB15180,"N2,N6-diacetyllysine",-0.08755758978131706,0.0798508869513051,-0.0955057498438126,True
Nuts & Seeds,Lachnospiraceae_bacterium,ursocholate,-0.1355849059934491,0.163648457001991,-0.24219650453451,True
Nuts & Seeds,GGB9677_SGB15180,leucine,-0.09125185696497148,0.0798508869513051,-0.10053295174098,True
Nuts & Seeds,GGB9677_SGB15180,isoursodeoxycholate,-0.09853583283133967,0.0798508869513051,-0.094592885024159,True
Nuts & Seeds,GGB9677_SGB15180,N-acetylmethionine,-0.1075763430642657,0.0798508869513051,-0.094926844823762,True
Nuts & Seeds,GGB9677_SGB15180,isoleucine,-0.09451327007579532,0.0798508869513051,-0.0891876757628342,True
Nuts & Seeds,Blautia_massiliensis,lithocholate,-0.1590347635847729,-0.0891056696775834,0.0862109995858066,True
Nuts & Seeds,Blautia_massiliensis,3-carboxy-4-methyl-5-pentyl-2-furanpropionate (3-CMPFP)**,-0.1490720620328031,-0.0891056696775834,0.08361367127662,True
Nuts & Seeds,Blautia_massiliensis,ursocholate,-0.1355849059934491,-0.0891056696775834,0.122688308391459,True
Nuts & Seeds,Blautia_massiliensis,cholesterol sulfate,-0.1353424191136238,-0.0891056696775834,0.124210658818511,True
Nuts & Seeds,Blautia_massiliensis,D-urobilin,-0.1162759555653931,-0.0891056696775834,0.0900424905851038,True
Nuts & Seeds,Blautia_massiliensis,pheophorbide A,0.1075669401952472,-0.0891056696775834,-0.0927861838504475,True
Nuts & Seeds,Blautia_massiliensis,25-hydroxycholesterol sulfate,-0.1005507458304207,-0.0891056696775834,0.0956837370144521,True
Nuts & Seeds,Blautia_massiliensis,cholesterol,-0.09884406965562455,-0.0891056696775834,0.0800459041947301,True
Nuts & Seeds,Blautia_massiliensis,3-hydroxyoleate*,0.1762644846574049,-0.0891056696775834,-0.0855732186736048,True
Nuts & Seeds,GGB9677_SGB15180,citrulline,-0.08784296989588801,0.0798508869513051,-0.110475523016964,True
Nuts & Seeds,GGB9677_SGB15180,6-oxopiperidine-2-carboxylate,-0.1165610878695013,0.0798508869513051,-0.110704492465286,True
Nuts & Seeds,GGB9677_SGB15180,linolenate [alpha or gamma; (18:3n3 or 6)],0.135661345144891,0.0798508869513051,0.122513831075734,True
Nuts & Seeds,Ruminococcus_torques,cholesterol sulfate,-0.1353424191136238,-0.106412431446928,0.135149401525297,True
Nuts & Seeds,Ruminococcus_torques,ursocholate,-0.1355849059934491,-0.106412431446928,0.100803860739287,True
Nuts & Seeds,Ruminococcus_torques,3-carboxy-4-methyl-5-pentyl-2-furanpropionate (3-CMPFP)**,-0.1490720620328031,-0.106412431446928,0.106524845867238,True
Nuts & Seeds,Ruminococcus_torques,phosphate,0.1573041071260815,-0.106412431446928,-0.113555318617065,True
Nuts & Seeds,Ruminococcus_torques,lithocholate,-0.1590347635847729,-0.106412431446928,0.145181057743292,True
Nuts & Seeds,Ruminococcus_torques,LAHSA (18:2/OH-18:0)*,0.2065444446762397,-0.106412431446928,-0.106606359905816,True
Nuts & Seeds,Blautia_glucerasea,isocaproate (i6:0),-0.07844684692575782,0.0843441667097826,0.0789940400597246,False
Nuts & Seeds,Lachnospiraceae_bacterium,4-imidazoleacetate,-0.09345459122040184,0.163648457001991,-0.171612220080981,True
Nuts & Seeds,Lachnospiraceae_bacterium,cytidine,0.09866935486865912,0.163648457001991,0.145128102807762,True
Nuts & Seeds,Lachnospiraceae_bacterium,isoursodeoxycholate,-0.09853583283133967,0.163648457001991,-0.175455935011843,True
Nuts & Seeds,Lachnospiraceae_bacterium,cholesterol,-0.09884406965562455,0.163648457001991,-0.161079323233706,True
Nuts & Seeds,Lachnospiraceae_bacterium,25-hydroxycholesterol sulfate,-0.1005507458304207,0.163648457001991,-0.195543509664558,True
Nuts & Seeds,Lachnospiraceae_bacterium,glycerol 3-phosphate,0.1155677862844583,0.163648457001991,0.17921366489405,True
Nuts & Seeds,Lachnospiraceae_bacterium,2'-deoxycytidine,0.1147965153276571,0.163648457001991,0.201163784932007,True
Nuts & Seeds,Lachnospiraceae_bacterium,D-urobilin,-0.1162759555653931,0.163648457001991,-0.152740585459147,True
Nuts & Seeds,Lachnospiraceae_bacterium,"bilirubin (Z,Z)",-0.1312165906103403,0.163648457001991,-0.167505914915438,True
Nuts & Seeds,Lachnospiraceae_bacterium,cholesterol sulfate,-0.1353424191136238,0.163648457001991,-0.227204380843886,True
Nuts & Seeds,Ruminococcus_torques,"bilirubin (Z,Z)",-0.1312165906103403,-0.106412431446928,0.102180917037632,True
Nuts & Seeds,Ruminococcus_torques,D-urobilin,-0.1162759555653931,-0.106412431446928,0.12766931314008,True
Nuts & Seeds,Ruminococcus_torques,isohyodeoxycholate,-0.1116886235109576,-0.106412431446928,0.101073861284801,True
Nuts & Seeds,Ruminococcus_torques,glycerol 3-phosphate,0.1155677862844583,-0.106412431446928,-0.128493939541204,True
Nuts & Seeds,GGB9677_SGB15180,"bilirubin (Z,Z)",-0.1312165906103403,0.0798508869513051,-0.127438020653537,True
Nuts & Seeds,GGB9677_SGB15180,ursocholate,-0.1355849059934491,0.0798508869513051,-0.109152737014739,True
Nuts & Seeds,GGB9677_SGB15180,3-carboxy-4-methyl-5-pentyl-2-furanpropionate (3-CMPFP)**,-0.1490720620328031,0.0798508869513051,-0.112804715742353,True
Nuts & Seeds,GGB9677_SGB15180,phosphate,0.1573041071260815,0.0798508869513051,0.114291089271791,True
Nuts & Seeds,GGB9677_SGB15180,lithocholate,-0.1590347635847729,0.0798508869513051,-0.0861004494226073,True
Nuts & Seeds,GGB9677_SGB15180,oleate/vaccenate (18:1),0.1806772565945284,0.0798508869513051,0.130279659524357,True
Nuts & Seeds,GGB9677_SGB15180,3-hydroxyoleate*,0.1762644846574049,0.0798508869513051,0.16673349575961,True
Nuts & Seeds,GGB9677_SGB15180,linoleate (18:2n6),0.199752173787681,0.0798508869513051,0.10635813487013,True
Nuts & Seeds,GGB9677_SGB15180,D-urobilin,-0.1162759555653931,0.0798508869513051,-0.0833234066980886,True
Nuts & Seeds,GGB9677_SGB15180,10-hydroxystearate,0.2283379644254735,0.0798508869513051,0.124275723196801,True
Nuts & Seeds,Clostridium_leptum,cholesterol sulfate,-0.1353424191136238,-0.0716984129471339,0.09383888067691,True
Nuts & Seeds,Blautia_sp_AF19_10LB,"bilirubin (Z,Z)",-0.1312165906103403,0.0712977068952838,-0.0717380050124474,True
Nuts & Seeds,GGB9615_SGB15051,cytidine,0.09866935486865912,0.127558875992094,0.127593879348114,True
Nuts & Seeds,GGB9615_SGB15051,2'-deoxycytidine,0.1147965153276571,0.127558875992094,0.131031256723999,True
Nuts & Seeds,Ruminococcus_torques,citrulline,-0.08784296989588801,-0.106412431446928,0.0979927678863331,True
Nuts & Seeds,Ruminococcus_torques,pyruvate,-0.08427399294090783,-0.106412431446928,0.0884333575055645,True
Nuts & Seeds,Ruminococcus_torques,methionine,-0.1001617827907392,-0.106412431446928,0.0943241940601991,True
Nuts & Seeds,Ruminococcus_torques,biliverdin,-0.1020370051868043,-0.106412431446928,0.110636934942009,True
Nuts & Seeds,Clostridium_leptum,3-methylglutarate/2-methylglutarate,-0.09939045310481738,-0.0716984129471339,0.0784667660417412,True
Nuts & Seeds,GGB9677_SGB15180,gamma-glutamylmethionine,-0.08128971405893234,0.0798508869513051,-0.105771353678476,True
Nuts & Seeds,GGB9677_SGB15180,glycodeoxycholate,-0.09193694845934731,0.0798508869513051,-0.0955475053607679,True
Nuts & Seeds,GGB9730_SGB15291,cytidine,0.09866935486865912,0.101069334291694,0.135313703120901,True
Nuts & Seeds,Faecalibacterium_SGB15346,cytidine,0.09866935486865912,0.074568838802664,0.234338367719869,True
Nuts & Seeds,Faecalibacterium_SGB15346,3-methylglutarate/2-methylglutarate,-0.09939045310481738,0.074568838802664,-0.13169645574758,True
Nuts & Seeds,Faecalibacterium_SGB15346,myo-inositol,0.1003489662008861,0.074568838802664,0.0958283379999603,True
Nuts & Seeds,Faecalibacterium_SGB15346,nicotianamine,0.1027102521596632,0.074568838802664,0.0926725186309289,True
Nuts & Seeds,Faecalibacterium_SGB15346,butyrate/isobutyrate (4:0),-0.1033541187611935,0.074568838802664,0.102041193458994,False
Nuts & Seeds,Faecalibacterium_SGB15346,glycerol 3-phosphate,0.1155677862844583,0.074568838802664,0.0832764100383965,True
Nuts & Seeds,Faecalibacterium_SGB15346,glycerophosphoinositol*,0.09497755145916417,0.074568838802664,0.162789835463808,True
Nuts & Seeds,Faecalibacterium_SGB15346,biotin,-0.1114500689275713,0.074568838802664,-0.201684999406072,True
Nuts & Seeds,Faecalibacterium_SGB15346,hexadecadienoate (16:2n6),0.1226051836887116,0.074568838802664,0.129356240222038,True
Nuts & Seeds,Faecalibacterium_SGB15346,methylphosphate,0.1254351981223477,0.074568838802664,0.135258296448413,True
Nuts & Seeds,Faecalibacterium_SGB15346,coprostanol,-0.1271309050183136,0.074568838802664,-0.109074702229157,True
Nuts & Seeds,Faecalibacterium_SGB15346,linolenate [alpha or gamma; (18:3n3 or 6)],0.135661345144891,0.074568838802664,0.108937056423961,True
Nuts & Seeds,Faecalibacterium_SGB15346,13-HODE + 9-HODE,0.1345344949385461,0.074568838802664,0.125661235083968,True
Nuts & Seeds,Faecalibacterium_SGB15346,cholesterol sulfate,-0.1353424191136238,0.074568838802664,-0.0969713007318796,True
Nuts & Seeds,Faecalibacterium_SGB15346,2'-deoxycytidine,0.1147965153276571,0.074568838802664,0.181914945779601,True
Nuts & Seeds,Faecalibacterium_SGB15346,citrate,0.09028782508124653,0.074568838802664,0.0783803230734523,True
Nuts & Seeds,Faecalibacterium_SGB15346,3-hydroxy-3-methylglutarate,0.0871996944985565,0.074568838802664,0.121008305976342,True
Nuts & Seeds,Blautia_SGB4805,13-HODE + 9-HODE,0.1345344949385461,-0.0767355779370936,-0.0967284468148004,True
Nuts & Seeds,Dorea_sp_AF36_15AT,cholesterol sulfate,-0.1353424191136238,-0.100192310050176,0.176696966359416,True
Nuts & Seeds,Dorea_sp_AF36_15AT,ursocholate,-0.1355849059934491,-0.100192310050176,0.1521186261651,True
Nuts & Seeds,Dorea_sp_AF36_15AT,lithocholate,-0.1590347635847729,-0.100192310050176,0.196648880712792,True
Nuts & Seeds,Dorea_sp_AF36_15AT,3-hydroxyoleate*,0.1762644846574049,-0.100192310050176,-0.141980219895005,True
Nuts & Seeds,Dorea_sp_AF36_15AT,LAHSA (18:2/OH-18:0)*,0.2065444446762397,-0.100192310050176,-0.125567191187456,True
Nuts & Seeds,Blautia_SGB4805,3-hydroxy-3-methylglutarate,0.0871996944985565,-0.0767355779370936,-0.0979371924774896,True
Nuts & Seeds,Blautia_SGB4805,sphingosine,-0.08526399288145453,-0.0767355779370936,-0.09533327228239,False
Nuts & Seeds,Blautia_SGB4805,vanillate,0.09087006228562623,-0.0767355779370936,-0.115312755771625,True
Nuts & Seeds,Blautia_SGB4805,2-hydroxydecanoate,0.0976854436772195,-0.0767355779370936,-0.0968492547653183,True
Nuts & Seeds,Blautia_SGB4805,cytidine,0.09866935486865912,-0.0767355779370936,-0.111531007637212,True
Nuts & Seeds,Blautia_SGB4805,N-acetylalanine,-0.09829650302839665,-0.0767355779370936,-0.0913806110928708,False
Nuts & Seeds,Blautia_SGB4805,valine,-0.09782796212736218,-0.0767355779370936,-0.0922238430235226,False
Nuts & Seeds,Blautia_SGB4805,2-piperidinone,-0.1046703644361236,-0.0767355779370936,-0.0991003227974694,False
Nuts & Seeds,Blautia_SGB4805,cysteine,-0.1093168101290107,-0.0767355779370936,-0.0977670164206195,False
Nuts & Seeds,Blautia_SGB4805,sitostanol,-0.1154433274278087,-0.0767355779370936,0.109329387811574,True
Nuts & Seeds,Faecalibacterium_SGB15346,glycerol,0.1743377108765357,0.074568838802664,0.185976678566592,True
Nuts & Seeds,Faecalibacterium_SGB15346,enterolactone,0.1631610166658227,0.074568838802664,0.0810002883595859,True
Nuts & Seeds,Lachnospiraceae_bacterium,phosphate,0.1573041071260815,0.163648457001991,0.170136805873442,True
Nuts & Seeds,GGB9730_SGB15291,vanillate,0.09087006228562623,0.101069334291694,0.109577685750734,True
Nuts & Seeds,Faecalibacterium_SGB15346,linoleate (18:2n6),0.199752173787681,0.074568838802664,0.102211744123505,True
Potatoes,Blautia_sp_AF19_10LB,"bilirubin (Z,Z)",0.09552764672833812,-0.0600233415662729,-0.0717380050124474,True
Potatoes,Ruthenibacterium_lactatiformans,13-HODE + 9-HODE,-0.1105780662771354,0.0807643229444722,-0.10370426378423,True
Potatoes,Ruthenibacterium_lactatiformans,linoleate (18:2n6),-0.1119800932743954,0.0807643229444722,-0.108781409720998,True
Potatoes,Ruthenibacterium_lactatiformans,hexadecadienoate (16:2n6),-0.09087501742835448,0.0807643229444722,-0.118320492954805,True
Potatoes,Ruthenibacterium_lactatiformans,glycerol,-0.09085852382765446,0.0807643229444722,-0.174217919780453,True
Potatoes,Ruthenibacterium_lactatiformans,linolenate [alpha or gamma; (18:3n3 or 6)],-0.08842534744528538,0.0807643229444722,-0.110793760073618,True
Potatoes,Ruthenibacterium_lactatiformans,lithocholate,0.08338960005548202,0.0807643229444722,0.0938931252044455,True
Potatoes,Lachnospiraceae_bacterium,linoleate (18:2n6),-0.1119800932743954,-0.119414037503868,0.174475427724602,True
Potatoes,Lachnospiraceae_bacterium,"bilirubin (Z,Z)",0.09552764672833812,-0.119414037503868,-0.167505914915438,True
Potatoes,Dysosmobacter_welbionis,LAHSA (18:2/OH-18:0)*,-0.1131715471917876,0.0718157076692102,-0.098528439065099,True
Potatoes,Anaerotruncus_rubiinfantis,LAHSA (18:2/OH-18:0)*,-0.1131715471917876,0.102146583888668,-0.140091809679206,True
Potatoes,Lachnospiraceae_bacterium,4-imidazoleacetate,0.09094306841406741,-0.119414037503868,-0.171612220080981,True
Sweetened Beverages,GGB9699_SGB15216,adenosine,-0.09433327142256454,0.058335626310908,-0.118575681480408,True
Sweetened Beverages,GGB9699_SGB15216,cytidine,-0.09736970073394308,0.058335626310908,-0.120525316790358,True
Sweets & Desserts,Blautia_SGB4805,13-HODE + 9-HODE,-0.1014132858390055,0.0661242227970303,-0.0967284468148004,True
Sweets & Desserts,Collinsella_aerofaciens,3-ketosphinganine,0.1006644372723235,0.0868573468900913,0.145458933678003,True
Sweets & Desserts,Blautia_SGB4805,vanillate,-0.1116498094169431,0.0661242227970303,-0.115312755771625,True
Tea & Coffee,Clostridium_phoceensis,theanine,0.223246237501212,0.0719683965901635,-0.100399326791007,False
Tea & Coffee,GGB3570_SGB4777,quinate,0.1261128145291519,0.111591635728688,0.212394965166481,True
Tea & Coffee,Clostridium_phoceensis,theophylline,0.1892338059891439,0.0719683965901635,0.0898067251337032,True
Tea & Coffee,GGB35068_SGB47850,theanine,0.223246237501212,0.132765798491564,0.294146896920621,True
Tea & Coffee,GGB35068_SGB47850,"2,4,6-trihydroxybenzoate",0.1457373402969959,0.132765798491564,0.18547187516171,True
Tea & Coffee,GGB35068_SGB47850,maleamate,0.08720920830207206,0.132765798491564,-0.144580576877333,False
Tea & Coffee,GGB3570_SGB4777,N-formylanthranilic acid,-0.1552971540254788,0.111591635728688,-0.12057158160383,True
Tea & Coffee,Clostridium_phoceensis,5-acetylamino-6-amino-3-methyluracil,0.2483102164271677,0.0719683965901635,0.0884293873016109,True
Tea & Coffee,GGB3570_SGB4777,5-hydroxypicolinic acid,0.09362722379748055,0.111591635728688,0.153302091811597,True
Tea & Coffee,Clostridium_phoceensis,"2,3-dimethylsuccinate",0.0863830954101158,0.0719683965901635,0.129774629945805,True
Tea & Coffee,GGB3570_SGB4777,5-acetylamino-6-amino-3-methyluracil,0.2483102164271677,0.111591635728688,0.127650904668008,True
Tea & Coffee,Clostridium_phoceensis,"1,3-dimethylurate",0.1759316578877589,0.0719683965901635,0.101031857988625,True
Tea & Coffee,Clostridium_phoceensis,maleamate,0.08720920830207206,0.0719683965901635,0.142973538381167,True
Tea & Coffee,GGB3570_SGB4777,maleamate,0.08720920830207206,0.111591635728688,0.205583811196072,True
Tea & Coffee,Clostridium_phoceensis,5-hydroxypicolinic acid,0.09362722379748055,0.0719683965901635,0.143116890703482,True
Tea & Coffee,Clostridium_phoceensis,quinate,0.1261128145291519,0.0719683965901635,0.176352572583456,True
Tea & Coffee,Clostridium_phoceensis,N-formylanthranilic acid,-0.1552971540254788,0.0719683965901635,-0.0906291278228176,True
Vegetable Oil,Ruminococcaceae_bacterium_D5,N-propionylmethionine,-0.07612414727262873,-0.0863123703420402,-0.106617184331473,False
Vegetable Oil,Ruminococcus_torques,"bilirubin (Z,Z)",-0.0801508048856803,-0.0748348758880524,0.102180917037632,True
Vegetable Oil,Ruminococcaceae_bacterium_D5,N-acetylmethionine,-0.07805271613406459,-0.0863123703420402,-0.110061513968317,False
Vegetable Oil,Ruminococcus_torques,LAHSA (18:2/OH-18:0)*,0.09732310473636262,-0.0748348758880524,-0.106606359905816,True
Vegetable Oil,Ruminococcus_torques,methionine,-0.08907069748924368,-0.0748348758880524,0.0943241940601991,True
Vegetable Oil,Ruminococcus_torques,glycerol 3-phosphate,0.09169808859460153,-0.0748348758880524,-0.128493939541204,True
Vegetable Oil,Ruminococcaceae_bacterium_D5,methionine,-0.08907069748924368,-0.0863123703420402,-0.115258220941043,False
Vegetables,Streptococcus_salivarius,arginine,0.08886384842224468,-0.0580201705987528,-0.0679533471965048,True
Vegetables,Collinsella_aerofaciens,12-ketolithocholate,-0.0884091678754335,-0.0891408680595113,0.12471508136158,True
Vegetables,Collinsella_aerofaciens,arginine,0.08886384842224468,-0.0891408680595113,-0.133022271256017,True
Vegetables,Collinsella_aerofaciens,sphinganine,-0.09704181243432744,-0.0891408680595113,0.121501692649639,True
Vegetables,Collinsella_aerofaciens,3-ketosphinganine,-0.1210807730234861,-0.0891408680595113,0.145458933678003,True
Vegetables,Lachnospira_eligens,"bilirubin (Z,Z)",-0.139646502901152,0.0661016571944105,-0.090509161286446,True
Vegetables,Lachnospira_eligens,lithocholate,-0.09464010169798523,0.0661016571944105,-0.100727276042356,True
Vegetables,Lachnospira_eligens,ursocholate,-0.08295976029079428,0.0661016571944105,-0.103336530842304,True
Vegetables,Parabacteroides_johnsonii,myo-inositol,0.0830303489158104,-0.109495155013441,-0.140940469952761,True
Vegetables,Lachnospiraceae_bacterium_BX3,carotene diol (1),0.1443723097004496,0.109379741558143,0.139866098726228,True
Wholegrains,GGB9615_SGB15053,biliverdin,-0.1225902165257261,0.0655972136575218,-0.104460069755757,True
Wholegrains,GGB9615_SGB15053,linoleate (18:2n6),0.1028400623094533,0.0655972136575218,0.136374103935251,True
Wholegrains,GGB9615_SGB15053,cholesterol sulfate,-0.1216386029753021,0.0655972136575218,-0.0965901329753664,True
Wholegrains,GGB9615_SGB15053,octadecanedioate (C18-DC),0.1204552247002416,0.0655972136575218,0.0963351739709708,True
Wholegrains,Mediterraneibacter_massiliensis,octadecanedioate (C18-DC),0.1204552247002416,-0.0923381206634197,-0.124048402137626,True
Wholegrains,GGB9615_SGB15053,"bilirubin (Z,Z)",-0.09608055790526275,0.0655972136575218,-0.10987412803808,True
Wholegrains,GGB9615_SGB15053,isohyodeoxycholate,-0.1031552791610828,0.0655972136575218,-0.0863844562716141,True
Wholegrains,GGB9615_SGB15053,ursocholate,-0.1060809385718844,0.0655972136575218,-0.112226008599722,True
Wholegrains,GGB9615_SGB15053,nicotianamine,0.1118210977334191,0.0655972136575218,0.0886651905161388,True
Wholegrains,GGB9615_SGB15053,25-hydroxycholesterol sulfate,-0.1543530323852479,0.0655972136575218,-0.0930309638937168,True
Wholegrains,GGB9615_SGB15053,3-hydroxyoleate*,0.1371326874063413,0.0655972136575218,0.14391834289795,True
Wholegrains,Blautia_wexlerae,behenoyl ethanolamide (22:0)*,-0.08045356986877739,-0.0801504504606512,0.141976242194281,True
Wholegrains,Blautia_wexlerae,5-hydroxylysine,-0.0745437643235195,-0.0801504504606512,0.130033295162379,True
Wholegrains,GGB9615_SGB15053,LAHSA (18:2/OH-18:0)*,0.08496384688810052,0.0655972136575218,0.117378778869602,True
Wholegrains,Lacrimispora_celerecrescens,spermidine,-0.1227654208560965,-0.0779725144431286,0.101473238720995,True
Wholegrains,Lacrimispora_celerecrescens,lithocholate,-0.1051006281166953,-0.0779725144431286,0.0929988659152819,True
Wholegrains,Lacrimispora_celerecrescens,cholesterol,-0.09041168357819837,-0.0779725144431286,0.0974855122756579,True
Wholegrains,Lacrimispora_celerecrescens,deoxycholate,-0.08158058626314964,-0.0779725144431286,0.0946907470347851,True
Wholegrains,Dorea_sp_AF24_7LB,biliverdin,-0.1225902165257261,-0.0746017597435393,0.124048917947714,True
Wholegrains,Dorea_sp_AF24_7LB,cholesterol sulfate,-0.1216386029753021,-0.0746017597435393,0.10332275091369,True
Wholegrains,Dorea_sp_AF24_7LB,octadecanedioate (C18-DC),0.1204552247002416,-0.0746017597435393,-0.11569706786827,True
Wholegrains,Dorea_sp_AF24_7LB,ursocholate,-0.1060809385718844,-0.0746017597435393,0.12442804650676,True
Wholegrains,Dorea_sp_AF24_7LB,lithocholate,-0.1051006281166953,-0.0746017597435393,0.104381447724535,True
Wholegrains,Dorea_sp_AF24_7LB,behenoylcarnitine (C22)*,-0.1021640339268994,-0.0746017597435393,0.0938165840365817,True
Wholegrains,Dorea_sp_AF24_7LB,arachidoylcarnitine (C20)*,-0.09403124527352454,-0.0746017597435393,0.123020494539158,True
Wholegrains,Dorea_sp_AF24_7LB,"N,N,N-trimethyl-5-aminovalerate",-0.08710835823751174,-0.0746017597435393,0.16944339683595,True
Wholegrains,Dorea_sp_AF24_7LB,5-hydroxylysine,-0.0745437643235195,-0.0746017597435393,0.0973058985007276,True
Wholegrains,Blautia_wexlerae,deoxycholate,-0.08158058626314964,-0.0801504504606512,0.176589591586293,True
Wholegrains,Dorea_sp_AF24_7LB,deoxycholate,-0.08158058626314964,-0.0746017597435393,0.137962414090022,True
Wholegrains,Blautia_wexlerae,3-hydroxyoleate*,0.1371326874063413,-0.0801504504606512,-0.106322102737515,True
Wholegrains,Blautia_wexlerae,biliverdin,-0.1225902165257261,-0.0801504504606512,0.109191593634477,True
Wholegrains,Blautia_wexlerae,cholesterol sulfate,-0.1216386029753021,-0.0801504504606512,0.137526730455482,True
Wholegrains,Blautia_wexlerae,spermidine,-0.1227654208560965,-0.0801504504606512,0.191652387437637,True
Wholegrains,Blautia_wexlerae,octadecanedioate (C18-DC),0.1204552247002416,-0.0801504504606512,-0.153296701653536,True
Wholegrains,Blautia_wexlerae,ursocholate,-0.1060809385718844,-0.0801504504606512,0.173667084500537,True
Wholegrains,Blautia_wexlerae,lithocholate,-0.1051006281166953,-0.0801504504606512,0.107652485094064,True
Wholegrains,Blautia_wexlerae,D-urobilin,-0.09743607672179759,-0.0801504504606512,0.159128356514295,True
Wholegrains,Blautia_wexlerae,cysteine,-0.09403286578612653,-0.0801504504606512,0.135581386092032,True
Wholegrains,Blautia_wexlerae,"N6,N6,N6-trimethyllysine",-0.09398734214070367,-0.0801504504606512,0.159205731233459,True
Wholegrains,Blautia_wexlerae,cholesterol,-0.09041168357819837,-0.0801504504606512,0.142467723672014,True
Wholegrains,Blautia_wexlerae,eicosanoylsphingosine (d20:1)*,-0.08630347984789426,-0.0801504504606512,0.118112227122963,True
Wholegrains,Blautia_wexlerae,"N,N,N-trimethyl-5-aminovalerate",-0.08710835823751174,-0.0801504504606512,0.168470736484393,True
Wholegrains,Blautia_wexlerae,isoursodeoxycholate,-0.08398765228110522,-0.0801504504606512,0.174432640340191,True
Wholegrains,Blautia_wexlerae,25-hydroxycholesterol sulfate,-0.1543530323852479,-0.0801504504606512,0.169674029200357,True
Wholegrains,GGB9615_SGB15053,isoursodeoxycholate,-0.08398765228110522,0.0655972136575218,-0.0929905071646459,True
